Location,MinTemp,MaxTemp,Rainfall,WindGustDir,WindGustSpeed,WindDir9am,WindDir3pm,WindSpeed9am,WindSpeed3pm,Humidity9am,Humidity3pm,Pressure9am,Pressure3pm,Temp9am,Temp3pm,RainToday,RainTomorrow
12,25.1,34.5,0.0,4,41.0,1,4,9.0,26.0,68.0,39.0,1013.8,1009.8,29.2,32.8,0,0
0,14.0,29.1,0.0,7,31.0,1,13,6.0,13.0,72.0,34.0,1020.2,1017.4,17.8,28.8,0,0
33,8.0,19.9,0.0,13,54.0,3,13,11.0,33.0,55.0,37.0,1019.8,1017.6,13.9,19.4,0,0
20,18.9,29.8,0.0,6,35.0,5,14,20.0,22.0,64.0,38.0,1015.2,1012.3,21.3,28.6,0,0
1,18.6,40.7,0.0,1,44.0,2,3,7.0,24.0,44.0,12.0,1012.3,1008.1,27.8,39.3,0,0
41,19.9,30.7,0.0,6,46.0,5,6,20.0,19.0,41.0,63.0,1016.9,1017.7,26.4,25.1,0,0
38,8.4,11.2,47.4,13,74.0,7,13,20.0,26.0,85.0,76.0,988.9,989.2,9.4,9.2,1,1
28,18.3,34.3,0.0,0,48.0,0,2,33.0,13.0,40.0,23.0,1019.0,1014.6,23.4,33.0,0,0
6,19.3,30.9,0.0,1,26.0,1,1,9.0,17.0,49.0,42.0,1017.7,1015.5,27.4,29.3,0,0
25,2.5,16.1,3.0,8,39.0,1,8,7.0,15.0,87.0,46.0,1028.2,1025.0,7.0,15.4,1,0
15,13.2,32.6,0.0,9,46.0,9,0,13.0,24.0,58.0,29.0,1014.7,1010.4,21.4,32.0,0,0
19,4.3,16.6,0.0,10,33.0,11,10,15.0,19.0,90.0,51.0,1026.1,1023.3,6.8,16.3,0,0
43,9.2,24.7,0.0,7,48.0,5,7,7.0,37.0,45.0,31.0,1019.3,1016.3,17.4,21.4,0,1
43,20.2,35.1,0.0,3,65.0,3,11,28.0,28.0,10.0,16.0,1016.8,1017.4,26.9,31.7,0,0
21,9.0,13.6,0.6,12,56.0,12,12,26.0,31.0,90.0,78.0,1018.0,1017.9,10.2,12.8,0,0
10,10.8,20.1,0.0,7,41.0,8,10,13.0,20.0,67.0,46.0,1014.6,1015.4,16.3,18.2,0,0
40,13.7,28.8,0.0,7,26.0,6,3,2.0,6.0,68.0,58.0,1012.0,1009.8,22.1,27.8,0,0
30,15.6,24.8,0.0,9,46.0,11,10,17.0,17.0,54.0,49.0,1017.6,1015.9,19.2,22.6,0,1
16,5.9,20.4,0.0,6,28.0,0,6,4.0,15.0,75.0,39.0,1018.5,1014.4,10.9,18.6,0,0
43,24.9,38.5,0.0,11,72.0,4,13,35.0,35.0,17.0,14.0,1003.9,1002.5,31.5,35.0,0,0
10,16.7,23.8,0.4,11,50.0,11,8,28.0,30.0,54.0,77.0,1013.8,1013.9,20.9,20.3,0,1
5,17.5,34.2,0.0,9,43.0,9,15,17.0,15.0,54.0,21.0,1019.4,1017.3,21.6,33.6,0,0
36,10.8,16.4,4.0,1,20.0,0,3,9.0,6.0,89.0,68.0,1019.3,1016.3,11.7,16.2,1,1
33,22.6,31.5,0.0,4,63.0,3,4,17.0,31.0,67.0,52.0,1009.1,1005.4,26.6,30.7,0,0
29,8.1,20.3,0.0,1,33.0,1,15,20.0,9.0,70.0,55.0,1011.2,1008.1,13.9,19.2,0,1
16,8.4,20.3,0.0,7,33.0,7,3,15.0,15.0,60.0,58.0,1005.5,1006.3,16.3,19.0,0,1
34,24.5,31.3,6.4,1,31.0,8,4,4.0,19.0,84.0,74.0,1009.4,1005.9,27.3,30.1,1,1
31,2.9,15.9,0.0,15,56.0,7,14,7.0,24.0,76.0,47.0,1003.0,1001.0,9.7,15.0,0,1
35,4.4,24.2,0.0,3,39.0,1,6,13.0,17.0,67.0,35.0,1016.7,1010.6,11.9,23.0,0,0
12,22.4,32.9,0.0,6,33.0,6,14,17.0,26.0,69.0,46.0,1014.7,1011.6,27.8,31.9,0,0
7,25.3,29.7,1.2,9,37.0,10,10,20.0,20.0,83.0,95.0,1010.7,1009.0,26.7,25.3,1,1
25,8.8,26.2,0.0,14,39.0,5,14,7.0,17.0,53.0,22.0,1016.4,1013.1,17.2,25.8,0,0
26,11.2,32.8,0.0,0,50.0,1,10,19.0,11.0,38.0,14.0,1015.7,1009.8,22.7,32.3,0,0
8,3.4,25.5,0.0,7,30.0,12,7,4.0,20.0,67.0,20.0,1031.4,1026.6,13.3,24.7,0,0
14,4.7,15.9,0.0,6,35.0,6,6,19.0,7.0,74.0,41.0,1017.7,1017.4,6.6,15.0,0,0
13,20.6,25.5,2.8,10,65.0,8,10,39.0,50.0,73.0,69.0,1013.9,1011.7,23.4,23.3,1,0
30,18.1,28.8,1.0,2,28.0,11,10,7.0,9.0,79.0,54.0,1011.2,1008.8,22.1,28.3,0,0
2,2.2,20.6,0.0,1,31.0,14,8,6.0,13.0,53.0,20.0,1026.6,1022.8,10.0,19.8,0,0
42,11.9,21.7,0.4,3,37.0,7,5,9.0,20.0,63.0,54.0,1026.4,1019.3,17.8,21.0,0,0
14,6.5,16.9,0.4,12,54.0,15,6,9.0,22.0,50.0,53.0,1021.3,1020.0,13.6,13.7,0,0
18,10.0,17.9,10.2,8,46.0,12,8,24.0,31.0,92.0,54.0,1022.7,1022.9,12.3,17.1,1,0
38,8.1,11.8,37.0,13,63.0,13,12,20.0,20.0,69.0,82.0,1011.2,1010.7,10.9,8.8,1,1
42,9.5,18.3,0.0,6,28.0,7,3,15.0,9.0,68.0,50.0,1023.2,1018.0,14.6,18.0,0,0
9,19.9,31.7,0.0,10,30.0,0,9,13.0,11.0,69.0,33.0,1013.5,1012.9,23.3,30.6,0,0
43,10.7,27.6,0.0,9,44.0,9,8,28.0,22.0,61.0,23.0,1022.2,1019.3,14.7,25.1,0,0
27,17.4,30.8,0.0,11,41.0,10,11,7.0,19.0,58.0,56.0,1015.0,1013.6,24.6,27.2,0,0
34,17.3,26.7,0.0,2,52.0,9,1,22.0,35.0,55.0,56.0,1024.7,1020.9,22.2,23.3,0,0
9,22.4,39.3,0.0,3,28.0,3,4,17.0,7.0,45.0,26.0,1011.7,1009.0,30.2,37.2,0,0
35,15.7,28.9,11.8,1,30.0,0,4,6.0,6.0,71.0,44.0,1013.8,1009.6,21.1,28.0,1,0
30,10.5,21.0,0.0,14,46.0,8,13,17.0,26.0,42.0,27.0,1012.8,1012.2,15.6,19.5,0,0
43,7.9,24.8,0.0,7,52.0,3,7,20.0,31.0,43.0,15.0,1021.1,1017.5,13.8,24.0,0,0
24,13.8,17.3,1.4,8,33.0,8,8,19.0,20.0,80.0,64.0,1019.8,1018.9,16.2,16.3,1,0
18,17.9,43.1,0.0,3,76.0,3,6,46.0,41.0,18.0,10.0,1007.0,1003.7,33.8,40.4,0,0
14,6.9,16.1,0.0,3,65.0,6,3,33.0,24.0,61.0,52.0,1019.6,1018.7,12.4,15.8,0,0
5,9.1,11.2,0.4,11,33.0,10,8,7.0,9.0,84.0,93.0,1017.3,1014.4,9.6,9.5,0,1
22,6.6,14.8,0.4,8,31.0,7,11,7.0,17.0,94.0,64.0,1030.7,1028.9,9.4,14.3,0,0
40,13.3,21.4,1.8,9,35.0,2,9,11.0,24.0,45.0,47.0,1024.9,1022.4,19.0,19.4,1,0
28,8.4,19.2,1.8,13,56.0,3,14,15.0,31.0,85.0,54.0,1016.0,1012.8,13.7,17.8,1,1
32,18.3,27.5,0.0,1,44.0,13,0,7.0,30.0,59.0,53.0,1022.3,1019.7,22.8,26.2,0,0
38,9.4,16.5,0.0,11,35.0,13,13,15.0,13.0,74.0,94.0,1019.5,1019.1,15.1,14.7,0,1
32,9.8,14.8,0.0,13,39.0,6,13,9.0,13.0,63.0,70.0,1007.2,1006.0,12.9,14.3,0,1
5,19.0,27.0,2.4,13,61.0,6,14,22.0,30.0,89.0,34.0,1002.3,1001.3,20.8,26.4,1,1
5,17.4,36.7,0.0,4,39.0,1,4,15.0,13.0,29.0,16.0,1021.0,1016.3,26.3,35.7,0,0
18,19.9,29.4,0.0,3,57.0,11,10,13.0,20.0,67.0,44.0,1011.5,1009.0,21.0,28.0,0,0
27,9.7,25.5,0.0,6,35.0,4,7,9.0,17.0,40.0,57.0,1018.4,1015.3,18.0,22.9,0,1
18,9.6,17.5,0.0,3,50.0,3,3,31.0,28.0,83.0,69.0,1019.8,1019.2,13.6,17.1,0,0
8,9.3,25.7,0.0,14,43.0,14,14,11.0,28.0,39.0,17.0,1019.2,1016.9,18.0,24.5,0,0
36,15.0,30.2,0.0,8,50.0,2,1,26.0,24.0,30.0,15.0,1019.0,1013.5,19.7,27.6,0,0
23,11.5,17.9,0.0,7,44.0,14,15,15.0,15.0,54.0,36.0,1009.3,1013.8,14.2,16.2,0,0
2,23.3,35.6,0.0,5,50.0,4,4,13.0,28.0,41.0,28.0,1008.5,1005.4,29.3,33.8,0,0
24,19.4,23.2,14.4,15,35.0,13,15,15.0,19.0,62.0,67.0,1016.0,1015.7,21.6,22.0,1,0
8,12.2,17.8,0.4,7,43.0,6,7,17.0,24.0,89.0,68.0,1007.7,1006.1,15.3,16.4,0,0
23,23.7,26.9,0.0,11,52.0,11,8,31.0,28.0,90.0,85.0,1016.5,1017.5,24.5,26.6,0,0
27,21.2,36.0,0.0,12,39.0,4,15,9.0,15.0,40.0,37.0,1006.1,1003.6,29.2,30.3,0,0
42,11.7,17.6,0.0,9,33.0,12,9,17.0,24.0,56.0,57.0,1024.5,1021.0,15.2,16.9,0,0
29,13.7,28.3,0.0,7,44.0,6,13,20.0,28.0,51.0,45.0,1010.4,1010.2,21.5,23.5,0,0
2,23.5,31.3,0.4,13,43.0,13,4,28.0,7.0,83.0,74.0,1013.7,1011.0,23.5,25.0,0,0
5,6.3,24.8,0.0,6,56.0,4,6,7.0,26.0,76.0,33.0,1020.8,1014.4,14.4,24.3,0,0
3,18.8,24.4,13.8,10,39.0,8,10,11.0,20.0,86.0,68.0,1015.5,1013.3,20.3,23.9,1,0
27,17.7,26.0,0.0,12,50.0,8,12,13.0,26.0,57.0,53.0,1010.3,1009.3,21.3,24.2,0,0
4,9.8,20.1,0.0,3,52.0,3,3,30.0,37.0,73.0,48.0,1023.4,1020.5,13.1,19.1,0,0
3,6.0,20.0,0.0,3,13.0,11,3,6.0,7.0,82.0,50.0,1025.4,1021.8,11.8,18.8,0,0
2,20.4,38.4,0.0,0,43.0,1,0,11.0,26.0,27.0,13.0,1012.5,1008.4,31.3,37.0,0,0
41,11.2,26.6,0.0,10,44.0,2,10,19.0,28.0,52.0,45.0,1027.1,1024.2,18.9,24.5,0,0
5,2.0,15.2,0.6,13,35.0,14,13,11.0,19.0,76.0,55.0,1005.4,1004.0,11.4,15.2,0,0
28,2.6,20.3,0.0,15,30.0,3,12,6.0,22.0,75.0,47.0,1025.1,1022.9,10.7,19.3,0,0
19,4.6,20.4,0.0,0,28.0,2,9,6.0,11.0,63.0,25.0,1024.4,1021.3,9.7,19.5,0,0
35,5.9,13.9,20.8,11,31.0,12,8,9.0,15.0,86.0,67.0,1016.9,1012.3,9.5,13.8,1,0
38,10.7,26.5,0.0,11,31.0,1,8,13.0,13.0,64.0,63.0,1016.5,1012.9,19.1,23.7,0,0
38,14.3,27.8,0.0,9,37.0,2,9,20.0,26.0,69.0,57.0,1017.0,1014.1,22.6,26.1,0,0
14,5.1,16.8,0.0,3,37.0,6,3,19.0,17.0,76.0,46.0,1033.3,1030.0,8.2,16.3,0,0
1,23.7,40.5,0.0,14,54.0,10,7,19.0,33.0,40.0,12.0,1012.0,1008.0,26.9,38.8,0,0
34,24.5,30.4,0.0,4,39.0,4,1,20.0,28.0,54.0,46.0,1019.0,1015.8,27.7,29.0,0,0
19,14.7,34.7,0.0,2,30.0,9,10,11.0,9.0,36.0,12.0,1017.3,1015.8,19.8,32.4,0,0
9,10.7,19.6,1.2,7,44.0,14,7,9.0,19.0,76.0,45.0,1013.8,1012.0,15.2,17.9,1,0
43,13.9,23.2,0.0,12,70.0,13,15,35.0,43.0,55.0,30.0,1012.6,1010.9,17.0,22.2,0,0
1,8.2,22.0,0.0,13,41.0,12,15,15.0,19.0,55.0,41.0,1015.5,1015.1,14.7,21.1,0,0
7,22.4,30.8,0.2,10,37.0,10,0,2.0,15.0,77.0,78.0,1011.0,1008.6,27.1,27.7,0,1
14,12.0,21.3,0.0,2,22.0,7,9,7.0,15.0,84.0,62.0,1015.6,1014.1,14.4,20.6,0,0
34,18.9,28.3,0.0,0,43.0,9,0,13.0,30.0,66.0,62.0,1019.1,1015.5,24.6,26.6,0,0
5,17.0,30.6,0.0,9,28.0,10,7,11.0,4.0,58.0,33.0,1014.1,1011.6,21.4,29.4,0,0
14,11.1,26.2,0.4,6,44.0,6,1,17.0,11.0,84.0,39.0,1019.3,1013.0,11.4,23.7,0,0
25,12.5,24.5,14.2,6,31.0,4,9,7.0,7.0,78.0,75.0,1011.3,1009.1,19.0,20.5,1,1
26,11.3,29.3,0.0,1,39.0,5,15,17.0,24.0,51.0,52.0,1009.6,1007.0,24.5,25.6,0,0
28,12.7,23.4,1.6,12,54.0,12,12,26.0,35.0,54.0,48.0,1018.1,1017.4,19.8,21.4,1,0
12,24.4,32.0,0.0,6,35.0,13,7,9.0,24.0,72.0,57.0,1014.1,1010.1,27.6,30.3,0,0
4,7.8,12.0,1.0,10,44.0,8,8,26.0,24.0,99.0,74.0,1036.3,1035.1,8.9,11.5,0,0
37,8.2,21.3,0.0,15,48.0,14,11,9.0,37.0,91.0,37.0,1020.3,1018.9,12.6,18.1,0,0
20,10.8,26.3,0.0,8,33.0,2,8,15.0,7.0,54.0,27.0,1020.2,1015.9,19.4,25.5,0,0
27,6.9,23.9,0.0,4,30.0,4,1,13.0,11.0,48.0,28.0,1031.2,1026.0,16.9,23.3,0,0
35,3.7,20.1,0.0,14,43.0,8,7,2.0,19.0,80.0,33.0,1022.2,1015.6,10.0,19.2,0,0
43,8.6,15.8,0.4,11,31.0,15,8,7.0,17.0,96.0,63.0,1023.9,1022.4,10.6,15.3,0,0
34,22.5,30.9,76.8,11,54.0,4,1,2.0,13.0,93.0,70.0,1011.0,1006.3,24.4,30.4,1,1
0,19.7,23.5,2.8,15,37.0,12,12,13.0,7.0,93.0,69.0,1008.6,1012.5,19.9,20.8,1,1
11,10.9,29.1,0.0,6,31.0,5,7,4.0,17.0,100.0,25.0,1002.6,999.9,13.6,28.1,0,0
20,13.0,22.6,0.0,1,50.0,2,0,24.0,33.0,64.0,53.0,1026.1,1024.9,17.8,21.8,0,0
0,11.9,28.2,0.0,12,35.0,1,13,20.0,7.0,38.0,18.0,1022.6,1020.4,19.7,27.2,0,0
25,21.7,25.7,0.0,15,41.0,5,15,7.0,15.0,63.0,98.0,1016.0,1017.6,23.2,17.2,0,1
16,9.8,31.7,0.0,3,37.0,7,13,11.0,9.0,66.0,27.0,1019.8,1019.1,17.8,30.0,0,0
35,0.7,14.9,0.0,8,50.0,10,8,22.0,24.0,70.0,47.0,1020.0,1019.4,10.7,13.5,0,0
43,21.8,32.9,0.0,15,63.0,14,6,7.0,33.0,54.0,49.0,1007.3,1003.2,26.6,30.8,0,1
41,6.8,21.5,0.0,10,41.0,2,8,6.0,22.0,64.0,40.0,1026.2,1023.4,15.0,20.7,0,0
43,21.0,35.4,0.0,1,43.0,4,4,26.0,22.0,46.0,13.0,1016.0,1012.7,25.9,34.2,0,0
38,11.7,20.9,0.2,9,43.0,0,10,13.0,22.0,54.0,53.0,1020.3,1017.5,17.6,20.0,0,0
34,21.0,31.6,0.0,2,46.0,10,9,17.0,28.0,57.0,71.0,1016.9,1014.5,27.8,28.2,0,1
38,9.6,19.9,0.0,7,46.0,6,14,17.0,20.0,73.0,61.0,1016.8,1013.3,13.0,18.7,0,1
32,13.7,19.5,0.6,7,35.0,6,3,9.0,17.0,84.0,77.0,1017.1,1012.6,14.2,16.7,0,1
18,5.9,19.7,0.0,5,37.0,5,5,13.0,17.0,76.0,46.0,1034.0,1031.5,12.4,19.4,0,0
40,10.2,24.0,0.0,9,35.0,14,2,13.0,20.0,56.0,47.0,1017.9,1016.6,18.1,21.1,0,0
32,24.5,37.0,0.0,11,69.0,7,13,11.0,20.0,34.0,33.0,1007.4,1008.4,32.6,35.0,0,1
39,7.3,14.2,0.0,7,43.0,3,3,15.0,24.0,73.0,68.0,1021.6,1020.6,10.2,12.3,0,0
26,14.9,25.6,0.4,12,50.0,14,15,9.0,24.0,75.0,74.0,1013.9,1012.5,20.4,22.6,0,1
30,17.2,23.9,1.4,10,52.0,15,15,7.0,9.0,89.0,98.0,1011.5,1010.9,19.5,18.0,1,1
16,6.7,17.5,4.2,3,43.0,6,13,4.0,17.0,86.0,49.0,1011.8,1011.5,13.3,16.3,1,1
16,5.3,13.3,0.0,10,33.0,9,9,17.0,15.0,54.0,44.0,1016.7,1017.8,10.2,12.4,0,0
18,5.1,18.2,0.4,14,46.0,15,13,28.0,17.0,48.0,41.0,1017.3,1017.2,13.9,17.0,0,0
31,3.8,15.4,0.0,13,74.0,13,7,20.0,48.0,73.0,35.0,1008.6,1003.7,10.1,14.6,0,1
13,21.2,29.7,0.2,10,54.0,8,9,26.0,35.0,66.0,67.0,1018.3,1015.8,26.1,26.3,0,0
34,24.9,31.2,0.0,4,39.0,2,1,20.0,30.0,71.0,67.0,1010.0,1007.5,28.9,30.4,0,1
23,17.1,23.9,0.2,8,54.0,13,8,9.0,41.0,69.0,85.0,1019.3,1017.8,21.4,22.3,0,1
2,12.1,28.4,0.4,4,26.0,0,11,6.0,11.0,98.0,31.0,1021.3,1016.4,14.2,27.6,0,0
20,22.4,37.3,0.0,5,52.0,4,3,33.0,17.0,56.0,28.0,1013.2,1009.4,25.2,35.3,0,0
9,10.3,26.5,0.0,8,37.0,9,15,9.0,19.0,28.0,15.0,1019.2,1015.0,18.9,25.4,0,0
30,17.7,35.6,0.0,13,44.0,0,15,9.0,17.0,63.0,39.0,1018.2,1014.0,25.7,29.8,0,0
19,2.9,19.1,0.0,10,24.0,11,10,7.0,9.0,87.0,39.0,1023.5,1020.7,7.3,18.8,0,0
21,10.8,16.7,0.2,8,30.0,11,8,13.0,15.0,96.0,68.0,1032.2,1031.2,13.3,16.5,0,0
20,20.2,29.1,15.0,10,39.0,2,9,7.0,7.0,74.0,50.0,1017.8,1015.2,22.2,28.5,1,0
2,-1.0,19.8,0.0,9,26.0,13,10,9.0,11.0,36.0,13.0,1023.1,1020.5,8.2,19.2,0,0
17,13.3,16.8,8.4,3,72.0,3,6,31.0,9.0,83.0,75.0,1015.5,1014.3,13.3,16.6,1,1
8,14.0,24.5,7.0,2,48.0,8,2,24.0,30.0,72.0,44.0,1013.6,1012.7,16.6,23.5,1,0
28,14.5,26.2,0.0,15,48.0,6,15,7.0,30.0,51.0,46.0,1008.6,1008.5,22.9,24.8,0,0
39,12.4,18.3,1.2,7,67.0,3,6,20.0,26.0,65.0,50.0,1003.4,1002.5,14.3,17.3,1,1
13,17.9,28.3,0.0,5,28.0,10,1,13.0,13.0,60.0,62.0,1021.1,1018.1,25.8,25.6,0,0
36,22.6,32.1,0.0,10,33.0,2,10,22.0,15.0,33.0,27.0,1012.6,1009.7,25.7,30.0,0,0
34,14.4,25.0,0.0,4,33.0,8,4,7.0,24.0,41.0,47.0,1022.2,1018.9,19.9,23.2,0,0
19,10.2,19.3,6.6,13,37.0,13,13,15.0,17.0,86.0,53.0,1018.1,1017.1,13.4,18.1,1,0
12,23.9,33.9,0.0,3,39.0,4,3,20.0,24.0,68.0,43.0,1014.9,1011.1,28.7,32.3,0,0
41,13.8,19.2,0.0,14,44.0,7,7,20.0,19.0,60.0,78.0,1017.9,1015.6,18.1,17.4,0,1
4,11.4,18.1,0.6,12,35.0,12,11,17.0,17.0,100.0,65.0,1022.0,1022.0,12.4,16.8,0,0
34,23.8,31.9,4.6,1,46.0,2,1,24.0,33.0,57.0,50.0,1016.7,1013.2,28.4,30.2,1,0
23,13.3,22.8,0.0,15,30.0,13,1,17.0,15.0,41.0,61.0,1012.4,1009.6,19.0,19.3,0,0
10,5.1,19.1,0.0,15,37.0,12,9,26.0,15.0,44.0,42.0,1023.7,1020.8,16.2,18.1,0,0
11,10.8,35.4,0.0,14,52.0,3,14,17.0,26.0,30.0,19.0,1015.9,1013.1,23.8,33.2,0,0
27,11.8,22.2,0.0,10,35.0,8,10,13.0,15.0,64.0,54.0,1018.3,1015.9,18.1,21.1,0,0
17,15.2,26.6,0.0,3,70.0,3,6,48.0,28.0,24.0,22.0,1006.9,1003.6,21.2,26.2,0,0
34,24.5,31.3,0.0,1,31.0,10,1,11.0,22.0,64.0,65.0,1009.7,1006.1,29.0,30.7,0,1
25,15.7,38.7,0.0,7,57.0,6,6,20.0,30.0,13.0,67.0,1012.9,1009.7,33.2,37.7,0,1
40,9.6,18.3,7.4,12,33.0,13,12,17.0,19.0,85.0,60.0,1022.9,1022.0,13.7,17.3,1,0
32,6.9,18.3,0.0,13,37.0,14,15,17.0,19.0,55.0,38.0,1028.1,1026.1,9.9,18.1,0,0
23,20.4,27.5,0.0,4,33.0,4,1,17.0,22.0,80.0,70.0,1014.8,1010.4,23.9,26.6,0,0
20,23.6,40.2,0.0,3,41.0,5,7,28.0,15.0,47.0,19.0,1006.2,1002.8,29.0,37.5,0,0
3,14.5,29.5,0.2,1,28.0,12,5,4.0,7.0,73.0,42.0,1020.4,1016.9,21.0,27.3,0,0
10,22.2,29.4,0.0,5,50.0,6,5,17.0,31.0,70.0,71.0,1011.7,1009.1,27.3,28.6,0,0
32,7.3,18.1,0.0,13,26.0,14,4,13.0,4.0,74.0,45.0,1022.8,1017.9,9.1,17.2,0,0
13,17.4,21.9,3.2,10,54.0,10,10,28.0,44.0,73.0,52.0,1015.2,1014.5,18.4,19.2,1,0
35,14.6,30.5,0.0,7,37.0,4,7,9.0,20.0,74.0,31.0,1016.3,1012.5,19.3,29.1,0,0
38,13.0,25.8,0.0,9,37.0,1,10,15.0,15.0,67.0,58.0,1023.7,1020.7,20.5,23.9,0,0
11,8.6,20.7,0.0,11,33.0,8,11,7.0,19.0,70.0,58.0,1022.7,1022.4,16.3,19.1,0,0
18,10.8,20.0,5.6,14,70.0,6,14,20.0,30.0,66.0,45.0,1005.9,1005.7,13.2,18.4,1,0
14,14.5,20.0,0.0,6,56.0,6,12,26.0,24.0,54.0,32.0,1016.8,1021.1,17.0,19.9,0,0
10,20.0,28.5,2.6,4,50.0,14,4,6.0,33.0,72.0,63.0,1011.8,1009.7,25.8,28.0,1,0
31,8.5,16.6,0.2,14,54.0,13,7,24.0,30.0,72.0,57.0,1015.9,1014.5,11.8,15.3,0,0
34,20.4,30.3,0.0,0,44.0,2,1,28.0,28.0,57.0,62.0,1017.1,1013.6,26.6,28.4,0,0
17,9.7,9.9,0.0,11,41.0,13,8,9.0,13.0,74.0,86.0,1018.3,1018.7,9.8,8.6,0,1
5,2.7,14.0,0.0,8,46.0,11,8,11.0,19.0,75.0,48.0,1023.0,1023.3,8.5,13.4,0,0
29,8.9,13.3,7.0,11,35.0,11,13,15.0,17.0,71.0,89.0,1026.1,1026.6,11.4,10.3,1,1
12,23.0,29.5,0.0,0,43.0,0,4,28.0,17.0,77.0,64.0,1013.3,1010.4,26.9,28.6,0,0
16,13.5,21.7,0.0,6,28.0,4,6,4.0,15.0,88.0,65.0,1019.5,1016.7,15.1,20.4,0,0
31,8.0,21.5,0.0,0,31.0,14,1,9.0,13.0,85.0,59.0,1026.2,1021.3,11.6,20.5,0,0
25,10.6,15.4,1.4,15,61.0,13,13,30.0,31.0,82.0,74.0,1020.8,1019.3,12.5,15.0,1,1
1,14.6,38.6,0.0,6,39.0,10,5,9.0,20.0,45.0,8.0,1017.0,1012.3,23.8,36.9,0,0
18,13.3,20.7,1.0,12,63.0,15,12,17.0,35.0,85.0,33.0,1008.0,1008.9,13.7,19.7,0,0
0,4.8,17.6,0.0,15,20.0,4,12,2.0,13.0,57.0,38.0,1014.7,1013.4,12.0,16.5,0,0
19,21.1,42.7,0.0,15,54.0,5,12,13.0,22.0,23.0,14.0,1007.8,1007.5,30.5,37.6,0,0
21,6.9,29.5,0.0,3,46.0,5,3,22.0,24.0,54.0,33.0,1015.6,1011.0,17.0,29.4,0,0
35,3.5,21.6,0.0,3,24.0,12,5,4.0,11.0,74.0,45.0,1022.4,1017.8,10.6,20.6,0,0
22,20.0,34.6,0.0,13,39.0,12,14,15.0,24.0,54.0,27.0,1009.3,1008.3,23.1,32.2,0,1
40,9.5,25.5,0.0,1,37.0,3,0,11.0,20.0,65.0,44.0,1019.4,1015.5,17.7,23.7,0,0
12,18.9,31.7,0.0,1,37.0,1,3,20.0,24.0,74.0,53.0,1016.8,1012.2,24.7,30.0,0,0
9,15.8,26.7,0.0,5,41.0,5,3,24.0,20.0,59.0,40.0,1015.8,1011.7,20.6,26.6,0,1
4,3.7,14.8,0.0,9,30.0,10,8,19.0,15.0,85.0,58.0,1031.2,1028.8,9.3,14.1,0,0
40,12.5,30.2,0.0,1,35.0,3,1,7.0,13.0,86.0,38.0,1011.2,1007.8,18.7,29.9,0,0
18,9.0,13.5,0.8,10,33.0,8,8,19.0,19.0,65.0,60.0,1032.6,1032.8,11.7,12.6,0,0
30,10.0,17.9,2.2,8,31.0,12,2,17.0,17.0,62.0,53.0,1025.4,1024.1,13.5,16.4,1,0
12,27.5,34.1,0.0,3,39.0,3,6,15.0,22.0,72.0,59.0,1010.0,1006.4,30.2,33.4,0,0
34,25.1,31.7,0.0,5,41.0,3,1,17.0,28.0,58.0,56.0,1014.2,1009.8,27.8,29.7,0,0
33,7.8,18.7,0.0,14,30.0,7,14,11.0,15.0,62.0,40.0,1026.8,1024.7,11.6,18.0,0,0
14,10.0,18.1,0.0,9,30.0,3,2,6.0,17.0,76.0,60.0,1032.5,1030.3,12.2,17.3,0,0
4,-1.8,10.1,0.6,7,35.0,5,7,13.0,20.0,99.0,71.0,1023.2,1022.3,2.2,9.8,0,0
33,15.4,20.7,3.6,11,56.0,11,8,31.0,28.0,81.0,80.0,1023.5,1022.1,18.8,20.1,1,1
32,11.0,17.9,0.4,15,59.0,13,15,19.0,22.0,51.0,35.0,1015.3,1013.8,13.2,15.7,0,0
25,10.6,13.6,0.0,2,30.0,1,1,13.0,13.0,92.0,92.0,1021.3,1019.3,11.8,13.3,0,0
13,9.3,19.1,0.0,10,39.0,8,2,9.0,19.0,50.0,43.0,1021.9,1019.4,15.4,18.0,0,0
1,7.4,13.3,1.6,3,26.0,6,3,13.0,15.0,96.0,85.0,1017.6,1014.5,8.1,11.7,1,1
1,11.5,27.8,0.0,8,35.0,10,14,9.0,11.0,69.0,42.0,1011.7,1009.2,16.6,25.1,0,1
4,6.3,11.7,0.0,8,35.0,9,8,17.0,19.0,95.0,92.0,1018.7,1014.6,8.4,10.2,0,1
19,7.7,18.9,0.4,7,52.0,6,13,13.0,24.0,90.0,72.0,1014.9,1012.2,10.4,17.6,0,1
23,9.9,16.2,0.0,8,41.0,12,8,15.0,24.0,66.0,70.0,1028.8,1028.7,12.0,15.7,0,0
5,20.0,25.6,4.4,9,41.0,8,8,19.0,19.0,81.0,86.0,1018.7,1018.0,21.1,21.6,1,1
21,3.6,13.5,0.8,15,35.0,7,12,7.0,17.0,93.0,80.0,1025.9,1026.1,9.7,12.1,0,0
14,8.1,18.2,0.0,12,56.0,12,11,31.0,22.0,46.0,34.0,1019.7,1019.6,12.1,16.4,0,0
29,2.9,12.7,0.2,1,24.0,5,1,7.0,15.0,87.0,61.0,1022.2,1020.4,8.2,11.9,0,0
4,-2.1,8.1,0.2,3,59.0,3,3,22.0,41.0,98.0,68.0,1019.0,1014.3,1.3,7.2,0,0
21,10.5,14.6,7.6,10,54.0,8,10,20.0,31.0,97.0,69.0,1011.8,1014.0,11.1,13.0,1,1
18,11.5,25.2,0.0,3,52.0,11,12,11.0,7.0,72.0,39.0,1014.5,1012.0,13.6,21.9,0,1
38,11.2,27.6,1.4,4,44.0,4,11,19.0,15.0,81.0,71.0,1017.1,1010.0,13.8,23.8,1,0
33,14.4,25.0,0.0,1,43.0,15,1,9.0,30.0,65.0,43.0,1022.0,1019.8,19.3,23.5,0,0
11,12.6,21.3,0.8,11,43.0,8,8,24.0,26.0,73.0,58.0,1018.3,1017.4,16.7,20.0,0,0
24,17.1,22.3,84.8,0,80.0,0,4,44.0,17.0,98.0,98.0,1003.4,1003.1,19.4,19.1,1,1
3,12.4,16.8,0.0,12,56.0,15,12,13.0,24.0,57.0,52.0,1009.0,1008.2,16.1,15.0,0,1
37,7.4,16.2,0.0,1,20.0,0,0,9.0,9.0,90.0,88.0,1019.4,1015.8,11.0,15.0,0,1
41,15.7,26.2,0.0,8,39.0,9,10,17.0,22.0,78.0,73.0,1015.3,1014.4,19.5,21.6,0,1
1,11.4,30.1,2.6,9,24.0,8,8,11.0,11.0,64.0,34.0,1011.5,1010.6,17.6,26.7,1,0
7,20.4,29.4,0.0,3,31.0,3,5,13.0,15.0,70.0,67.0,1013.5,1010.0,26.1,27.8,0,0
27,13.1,25.8,0.0,12,39.0,0,12,9.0,20.0,49.0,38.0,1023.4,1020.0,18.1,24.4,0,0
39,6.6,17.5,0.4,13,28.0,7,8,13.0,9.0,72.0,55.0,1020.8,1020.2,12.3,17.0,0,0
12,26.9,34.1,0.0,7,33.0,7,14,19.0,24.0,69.0,58.0,1009.6,1006.9,31.2,33.3,0,0
34,18.8,27.7,1.4,9,48.0,8,2,15.0,24.0,66.0,57.0,1019.2,1016.4,21.9,25.4,1,0
39,5.4,14.4,5.2,3,26.0,5,3,2.0,11.0,99.0,67.0,1021.6,1022.5,7.6,13.0,1,0
19,16.9,30.3,14.0,2,24.0,4,10,7.0,11.0,92.0,41.0,1015.9,1013.4,20.0,29.3,1,0
39,14.8,22.2,0.0,8,37.0,8,12,7.0,17.0,71.0,48.0,1023.0,1020.6,16.5,21.1,0,0
31,7.9,17.6,0.0,10,35.0,13,8,19.0,22.0,72.0,92.0,1017.3,1017.8,14.0,14.4,0,1
1,11.7,16.0,1.8,14,56.0,14,14,19.0,22.0,87.0,88.0,999.4,997.5,13.0,12.3,1,1
12,22.9,35.1,0.0,6,41.0,4,6,17.0,31.0,65.0,34.0,1014.8,1010.3,28.1,33.3,0,0
17,12.7,20.5,0.0,11,33.0,12,9,13.0,13.0,65.0,45.0,1027.2,1025.8,14.5,19.4,0,0
29,10.7,33.7,0.0,11,22.0,4,8,9.0,13.0,66.0,20.0,1015.9,1012.6,19.5,32.0,0,0
21,8.7,32.4,0.0,7,76.0,3,6,17.0,39.0,51.0,15.0,1017.3,1013.8,18.4,32.0,0,0
18,4.1,13.5,0.2,12,41.0,15,12,19.0,24.0,90.0,67.0,1019.5,1020.4,8.5,12.4,0,0
42,20.9,25.9,0.0,4,48.0,6,4,22.0,41.0,73.0,78.0,1016.4,1010.9,22.4,24.2,0,0
16,6.6,22.3,0.0,3,41.0,15,6,6.0,22.0,56.0,40.0,1021.7,1019.6,13.5,19.7,0,0
25,3.7,10.0,2.2,14,50.0,14,13,17.0,31.0,89.0,83.0,1014.4,1013.0,6.1,7.2,1,1
33,12.7,25.4,0.0,4,35.0,7,5,15.0,17.0,53.0,40.0,1026.5,1023.8,17.1,24.2,0,0
43,20.1,34.6,0.0,0,37.0,0,8,28.0,9.0,50.0,11.0,1017.2,1013.2,21.2,32.3,0,0
42,14.7,19.6,0.0,6,63.0,3,6,20.0,28.0,61.0,51.0,1014.6,1008.0,15.3,19.0,0,0
42,7.7,15.5,0.0,12,31.0,14,9,20.0,20.0,63.0,60.0,1009.4,1008.4,11.3,14.0,0,0
22,2.2,17.0,0.0,15,31.0,12,15,7.0,22.0,92.0,62.0,1026.8,1025.2,6.0,16.5,0,0
18,13.5,31.7,0.0,10,50.0,5,8,11.0,28.0,50.0,34.0,1010.7,1007.7,21.3,29.8,0,0
23,18.6,23.3,0.0,4,43.0,1,4,22.0,19.0,72.0,77.0,1019.2,1016.9,20.9,21.8,0,0
28,8.0,20.0,0.0,14,31.0,5,6,11.0,15.0,78.0,60.0,1027.1,1023.6,12.5,19.0,0,0
40,14.3,26.3,0.0,10,44.0,13,10,11.0,30.0,65.0,69.0,1010.5,1010.3,24.4,24.4,0,0
38,14.1,19.7,0.2,9,22.0,13,10,6.0,11.0,96.0,66.0,1019.5,1017.0,15.0,18.1,0,1
0,8.4,13.7,0.0,10,30.0,2,12,9.0,15.0,70.0,76.0,1022.7,1018.2,10.6,12.3,0,1
39,14.0,22.0,17.8,11,44.0,12,8,7.0,24.0,99.0,48.0,1011.5,1014.8,15.1,20.6,1,0
4,9.9,18.2,15.0,11,43.0,11,11,20.0,20.0,92.0,72.0,1002.0,1005.2,12.4,14.3,1,0
27,14.6,24.1,0.0,12,37.0,10,12,9.0,20.0,55.0,53.0,1015.4,1015.0,20.9,21.9,0,0
12,25.2,30.0,9.2,15,44.0,8,5,2.0,9.0,78.0,95.0,1006.5,1004.2,27.8,24.8,1,1
42,12.1,19.4,0.0,12,43.0,8,1,24.0,19.0,37.0,44.0,1026.2,1025.2,16.6,18.7,0,0
13,21.9,30.0,0.0,5,31.0,4,4,11.0,28.0,73.0,72.0,1016.2,1013.4,28.2,29.2,0,0
33,17.5,25.5,0.0,11,50.0,13,10,33.0,15.0,49.0,52.0,1008.0,1008.9,20.4,24.2,0,0
14,11.2,19.6,0.0,4,35.0,6,4,11.0,22.0,67.0,62.0,1012.7,1007.1,13.6,18.6,0,1
26,13.9,26.9,0.0,12,39.0,10,12,4.0,26.0,71.0,55.0,1020.4,1018.7,19.8,24.9,0,0
23,14.9,20.3,0.0,8,52.0,12,11,15.0,22.0,81.0,79.0,1024.1,1022.4,17.0,19.4,0,1
1,4.0,14.5,0.0,2,20.0,15,0,4.0,11.0,99.0,68.0,1021.1,1017.5,8.0,13.8,0,0
37,7.7,28.8,0.0,3,44.0,1,3,15.0,28.0,43.0,10.0,1022.0,1017.1,16.3,28.2,0,0
13,12.4,23.6,0.0,8,35.0,10,9,20.0,26.0,45.0,59.0,1020.6,1019.5,22.2,21.2,0,0
27,19.7,28.4,0.0,10,33.0,8,10,11.0,15.0,78.0,51.0,1017.4,1014.1,21.2,27.7,0,0
29,15.2,22.6,0.0,2,31.0,9,8,11.0,11.0,85.0,69.0,1011.2,1007.3,18.4,22.0,0,1
40,13.1,18.7,13.0,10,91.0,13,11,20.0,11.0,94.0,89.0,1021.7,1018.7,14.2,17.6,1,1
16,5.1,19.4,0.0,6,15.0,0,7,6.0,7.0,84.0,64.0,1023.9,1020.9,10.2,17.5,0,0
33,17.5,27.7,0.0,4,52.0,3,4,15.0,37.0,57.0,48.0,1018.5,1014.8,22.3,25.9,0,0
33,21.3,30.9,0.0,5,63.0,3,4,11.0,37.0,58.0,46.0,1014.6,1011.0,26.2,30.1,0,0
23,12.0,16.5,0.6,12,22.0,15,10,11.0,11.0,93.0,72.0,1025.9,1022.5,12.3,15.0,0,0
14,8.4,20.3,0.4,11,28.0,6,9,11.0,22.0,74.0,49.0,1024.6,1023.1,12.5,18.7,0,0
8,2.6,26.4,0.0,7,65.0,1,7,6.0,37.0,63.0,21.0,1003.2,998.4,13.6,23.7,0,1
32,14.0,15.3,27.4,10,24.0,14,10,11.0,15.0,96.0,94.0,1014.6,1010.6,14.2,15.2,1,1
32,10.1,19.8,0.0,15,54.0,13,13,24.0,19.0,53.0,34.0,1022.5,1020.7,13.4,19.3,0,0
8,6.6,21.2,0.0,0,26.0,9,9,7.0,9.0,70.0,47.0,1025.7,1023.8,12.9,19.4,0,0
11,11.4,29.7,0.0,11,33.0,1,11,7.0,20.0,99.0,43.0,1021.4,1019.2,13.2,28.5,0,0
22,3.6,21.6,0.2,3,22.0,4,3,15.0,13.0,84.0,34.0,1033.3,1029.7,9.8,20.7,0,0
43,14.1,25.9,0.0,11,48.0,8,8,28.0,28.0,60.0,43.0,1015.5,1014.8,17.2,24.4,0,0
30,11.6,21.3,0.2,1,20.0,10,4,4.0,9.0,82.0,69.0,1021.0,1017.4,15.8,19.4,0,0
0,11.9,24.4,0.0,13,31.0,7,12,6.0,19.0,50.0,30.0,1011.7,1009.0,16.7,23.7,0,0
38,14.0,18.6,2.6,11,44.0,15,8,6.0,19.0,81.0,89.0,1018.4,1019.0,16.2,13.8,1,1
16,15.5,28.3,0.0,7,37.0,13,7,4.0,19.0,73.0,44.0,1016.7,1014.4,20.7,27.4,0,1
28,8.8,25.7,0.0,10,28.0,8,3,17.0,13.0,49.0,32.0,1017.6,1012.8,19.8,24.9,0,1
18,4.9,15.3,0.0,3,43.0,3,3,24.0,30.0,80.0,56.0,1028.2,1024.7,7.7,14.4,0,0
9,7.2,22.8,0.0,8,30.0,9,12,13.0,9.0,42.0,22.0,1019.6,1015.6,16.8,21.9,0,0
41,4.4,21.6,0.0,3,39.0,5,5,15.0,22.0,65.0,59.0,1023.0,1019.7,15.2,21.0,0,1
17,11.7,24.0,0.0,12,74.0,9,10,9.0,20.0,64.0,39.0,1016.9,1009.5,16.3,23.6,0,0
31,6.6,20.3,0.0,7,56.0,7,5,7.0,9.0,89.0,39.0,1016.7,1013.6,9.0,19.8,0,1
26,7.7,25.2,0.0,8,31.0,14,8,2.0,7.0,73.0,32.0,1025.9,1024.4,15.5,24.8,0,0
42,13.6,20.0,5.2,4,22.0,14,5,9.0,17.0,86.0,75.0,1013.9,1010.5,15.5,19.5,1,1
29,10.8,15.8,0.6,13,44.0,15,15,17.0,28.0,95.0,73.0,1024.3,1022.0,11.7,14.8,0,1
22,9.1,24.5,0.0,12,39.0,11,11,19.0,15.0,71.0,39.0,1009.9,1008.0,14.6,23.0,0,0
27,16.1,30.8,0.0,12,39.0,0,11,15.0,22.0,44.0,30.0,1021.4,1017.7,21.8,29.2,0,0
6,11.8,21.3,0.0,1,13.0,11,4,4.0,6.0,87.0,73.0,1022.2,1017.5,15.4,20.5,0,0
35,15.9,25.7,0.0,4,31.0,4,4,13.0,13.0,67.0,37.0,1025.0,1023.0,17.3,24.6,0,0
32,14.1,23.8,0.0,1,28.0,14,0,11.0,13.0,69.0,41.0,1028.4,1025.7,18.7,23.7,0,0
16,5.6,14.1,0.6,14,33.0,6,14,11.0,13.0,70.0,53.0,1004.6,1006.1,10.2,13.9,0,0
8,11.7,26.2,0.0,0,52.0,9,4,7.0,19.0,74.0,36.0,1018.4,1015.2,16.6,25.0,0,0
6,20.9,29.0,0.0,13,48.0,13,12,13.0,9.0,26.0,14.0,1013.1,1012.0,24.9,28.3,0,0
5,23.8,39.3,0.0,10,44.0,2,1,15.0,13.0,47.0,17.0,1017.2,1015.3,26.8,38.3,0,0
5,2.1,18.6,1.4,11,35.0,12,15,13.0,15.0,69.0,45.0,1021.1,1019.9,10.1,17.4,1,0
35,-6.7,9.6,0.0,3,30.0,3,3,6.0,17.0,88.0,50.0,1020.5,1017.0,-1.1,9.1,0,0
3,9.1,20.9,0.0,12,37.0,14,13,6.0,19.0,66.0,44.0,1016.7,1015.7,15.8,20.4,0,0
24,19.7,22.8,0.4,9,54.0,9,9,30.0,28.0,83.0,82.0,1006.4,1006.9,21.6,22.1,0,0
29,9.9,15.2,8.8,10,37.0,11,12,9.0,19.0,82.0,70.0,1024.3,1022.2,12.1,14.0,1,1
36,14.6,26.3,0.0,8,37.0,11,8,19.0,20.0,61.0,36.0,1022.0,1018.6,15.4,25.0,0,0
2,12.0,30.6,0.0,10,48.0,2,9,20.0,22.0,6.0,10.0,1016.8,1014.8,26.5,29.8,0,0
36,21.5,34.0,0.0,2,31.0,0,0,26.0,15.0,53.0,32.0,1012.3,1008.2,24.1,32.4,0,0
0,8.8,15.6,0.0,11,28.0,8,15,7.0,13.0,65.0,72.0,1032.3,1029.7,12.4,14.2,0,0
10,18.3,28.2,0.0,1,30.0,15,2,17.0,15.0,73.0,71.0,1011.4,1009.8,24.7,27.2,0,0
18,11.7,19.0,24.0,12,37.0,14,12,13.0,15.0,83.0,75.0,1014.4,1013.9,15.2,18.2,1,0
14,5.5,11.5,0.4,8,48.0,11,8,20.0,22.0,83.0,77.0,1024.6,1026.3,9.3,10.2,0,1
24,12.3,16.2,4.8,11,80.0,11,12,41.0,43.0,68.0,56.0,1010.0,1010.3,14.3,15.9,1,1
2,4.3,22.9,0.0,8,37.0,7,8,7.0,22.0,42.0,18.0,1021.7,1018.4,13.0,20.7,0,0
33,22.3,31.1,0.0,5,48.0,7,4,11.0,26.0,58.0,46.0,1021.2,1017.3,26.7,30.6,0,0
12,21.2,31.1,0.0,1,46.0,1,5,24.0,22.0,68.0,39.0,1014.2,1010.4,24.3,30.2,0,0
6,13.5,28.4,0.0,12,15.0,12,13,4.0,2.0,71.0,36.0,1020.9,1018.4,19.2,27.9,0,0
23,19.3,21.5,8.4,2,35.0,4,0,30.0,20.0,90.0,85.0,1012.5,1011.4,19.4,21.0,1,1
3,6.2,19.7,0.0,15,30.0,15,9,20.0,13.0,36.0,27.0,1018.9,1016.2,14.3,18.6,0,0
0,8.5,20.3,0.0,0,48.0,14,0,7.0,13.0,40.0,40.0,1026.8,1022.9,15.0,18.1,0,0
11,5.6,23.1,0.0,14,61.0,6,13,19.0,31.0,67.0,60.0,1010.3,1007.6,14.4,19.4,0,1
33,4.0,15.2,0.0,14,35.0,7,7,20.0,13.0,58.0,37.0,1020.0,1016.9,8.2,14.2,0,0
42,16.1,24.8,0.0,15,33.0,5,3,9.0,11.0,47.0,54.0,1015.6,1012.9,21.3,23.3,0,0
12,27.0,33.4,2.4,4,50.0,13,13,15.0,24.0,83.0,63.0,1007.1,1003.8,29.0,32.6,1,1
13,16.5,27.4,0.0,5,41.0,4,5,11.0,33.0,62.0,63.0,1012.7,1007.5,24.8,25.8,0,0
34,24.5,31.1,0.0,4,35.0,4,5,17.0,24.0,60.0,59.0,1011.7,1008.6,28.1,28.9,0,0
43,17.2,27.6,0.0,11,54.0,8,10,31.0,26.0,64.0,27.0,1020.9,1018.7,17.9,25.6,0,0
10,19.4,26.7,0.0,11,41.0,11,8,26.0,30.0,63.0,67.0,1014.0,1013.8,24.5,25.8,0,0
14,11.9,20.2,0.2,14,109.0,3,6,24.0,33.0,53.0,67.0,1008.9,1003.3,15.4,12.0,0,1
23,13.7,21.4,2.4,8,56.0,14,6,11.0,11.0,86.0,79.0,1006.9,1005.3,15.2,17.3,1,1
24,13.2,19.0,40.6,1,46.0,4,6,26.0,20.0,89.0,87.0,1008.2,1004.6,17.7,16.5,1,1
25,8.5,10.9,4.4,13,57.0,7,15,15.0,30.0,93.0,95.0,1005.6,1002.3,9.0,8.6,1,1
25,18.9,21.6,0.4,4,54.0,4,1,20.0,28.0,89.0,89.0,1011.8,1006.6,18.9,19.5,0,1
24,11.3,18.1,1.0,12,30.0,12,11,15.0,20.0,62.0,50.0,1025.4,1023.5,15.7,17.3,0,1
3,14.8,29.9,0.0,2,35.0,5,0,9.0,22.0,72.0,57.0,1020.9,1016.7,22.2,28.3,0,0
23,14.3,25.5,0.0,7,24.0,7,6,9.0,6.0,69.0,58.0,1018.0,1013.3,19.5,23.5,0,0
40,14.0,24.2,0.0,9,41.0,1,0,17.0,26.0,69.0,56.0,1026.5,1024.9,21.3,23.9,0,0
42,14.9,25.1,0.0,15,48.0,3,4,9.0,15.0,53.0,61.0,1023.8,1022.1,20.5,23.8,0,0
33,9.3,20.5,0.0,6,41.0,7,3,13.0,20.0,80.0,53.0,1023.0,1019.4,11.4,19.6,0,1
5,7.8,23.4,0.0,3,44.0,2,5,13.0,24.0,69.0,42.0,1028.3,1026.7,13.3,23.3,0,0
20,26.1,34.6,0.0,4,59.0,0,1,22.0,19.0,62.0,89.0,1015.5,1014.4,28.4,24.2,0,1
9,12.8,28.9,0.0,0,35.0,0,5,24.0,13.0,48.0,21.0,1023.1,1019.1,18.9,27.0,0,0
27,10.6,18.6,2.6,7,50.0,3,7,11.0,22.0,84.0,70.0,1013.4,1009.6,13.8,16.7,1,1
20,2.2,21.7,0.0,0,26.0,0,3,17.0,7.0,76.0,41.0,1024.1,1021.7,11.8,21.3,0,0
25,11.1,23.3,0.0,2,30.0,10,9,9.0,15.0,87.0,36.0,1020.9,1017.5,12.5,22.5,0,0
13,21.1,29.4,0.6,9,61.0,14,9,6.0,44.0,85.0,86.0,1011.5,1009.0,27.2,26.2,0,1
38,16.1,16.8,2.8,11,44.0,11,12,24.0,20.0,100.0,87.0,1001.9,1003.9,16.1,13.9,1,1
7,24.4,31.1,0.2,9,54.0,10,9,17.0,33.0,72.0,62.0,1010.5,1007.2,27.0,29.2,0,1
21,13.0,35.1,0.0,8,39.0,2,10,13.0,22.0,70.0,21.0,1008.9,1005.2,19.8,34.6,0,0
31,2.7,13.4,0.4,10,33.0,8,10,15.0,19.0,58.0,50.0,1034.8,1033.1,10.2,12.2,0,0
39,13.2,30.5,0.0,8,30.0,2,15,7.0,13.0,85.0,34.0,1019.8,1016.6,17.6,29.3,0,0
37,8.3,15.0,1.6,3,46.0,1,4,13.0,13.0,85.0,81.0,1023.0,1019.3,10.9,14.2,1,1
17,3.4,14.4,0.0,3,33.0,3,2,11.0,6.0,84.0,45.0,1023.0,1017.6,4.8,13.7,0,0
9,8.3,25.2,0.0,8,31.0,9,0,15.0,13.0,30.0,16.0,1024.2,1021.6,17.7,23.5,0,0
0,7.9,15.3,7.0,10,41.0,11,8,17.0,15.0,73.0,67.0,1020.3,1021.4,13.6,14.2,1,0
43,16.1,28.8,0.0,3,35.0,4,6,17.0,24.0,45.0,20.0,1021.5,1018.2,20.8,28.0,0,0
1,17.8,32.5,0.0,3,37.0,9,6,9.0,6.0,60.0,40.0,1012.4,1009.9,24.9,32.0,0,0
12,24.9,34.1,7.2,7,33.0,13,14,19.0,26.0,75.0,64.0,1009.7,1006.1,30.1,33.0,1,0
42,12.7,22.6,0.8,15,80.0,3,13,6.0,35.0,57.0,53.0,1003.2,1003.1,20.5,18.3,0,0
3,8.4,21.9,0.0,0,30.0,12,1,7.0,7.0,60.0,39.0,1029.9,1026.6,16.0,20.9,0,0
4,6.8,8.8,1.8,5,94.0,3,5,50.0,48.0,82.0,94.0,1012.1,1007.8,8.8,8.2,1,1
26,8.3,26.4,0.0,13,37.0,12,15,7.0,19.0,69.0,55.0,1011.2,1010.7,18.2,24.2,0,0
5,11.1,31.1,0.0,7,26.0,8,13,13.0,13.0,62.0,21.0,1015.4,1013.0,17.8,27.6,0,0
16,6.9,22.5,0.0,3,20.0,2,4,2.0,4.0,81.0,42.0,1020.8,1021.5,12.7,22.0,0,0
32,23.3,26.6,0.2,1,44.0,4,1,15.0,28.0,75.0,65.0,1014.8,1013.5,25.0,24.9,0,0
35,5.6,16.9,0.0,15,57.0,11,15,15.0,7.0,30.0,26.0,1018.3,1017.5,11.8,16.6,0,0
20,19.0,22.2,0.0,2,28.0,4,5,13.0,19.0,76.0,93.0,1013.1,1012.0,21.8,18.0,0,1
9,9.8,16.1,6.0,9,57.0,8,2,11.0,28.0,95.0,94.0,1015.9,1014.0,12.0,15.0,1,1
32,18.7,26.8,0.4,13,35.0,9,1,6.0,15.0,60.0,55.0,1020.6,1016.3,23.7,26.0,0,0
8,0.2,15.8,0.0,3,31.0,9,6,7.0,17.0,76.0,46.0,1018.9,1014.2,7.8,15.0,0,0
6,21.0,30.9,0.0,0,24.0,8,1,4.0,11.0,65.0,57.0,1013.0,1010.3,27.4,29.3,0,0
22,6.1,15.5,0.0,7,50.0,7,13,20.0,28.0,100.0,54.0,1018.5,1020.1,9.1,14.8,0,0
5,6.1,23.6,0.0,13,52.0,4,14,11.0,24.0,64.0,36.0,1014.2,1008.5,14.3,20.7,0,1
25,11.8,24.1,0.0,2,28.0,1,1,17.0,11.0,100.0,32.0,1021.9,1019.3,14.7,23.1,0,0
24,12.5,17.2,0.0,8,37.0,8,4,13.0,9.0,57.0,66.0,1019.5,1018.4,15.4,15.1,0,0
12,24.9,34.5,0.0,1,37.0,0,0,20.0,17.0,66.0,40.0,1012.1,1008.6,29.2,33.8,0,0
2,15.3,20.7,3.8,2,37.0,8,2,13.0,19.0,76.0,49.0,1018.5,1016.3,17.5,20.1,1,0
30,18.5,31.0,8.0,13,69.0,8,0,2.0,20.0,83.0,60.0,1005.1,1001.2,21.7,29.7,1,1
0,14.5,22.6,0.4,12,30.0,2,15,6.0,13.0,60.0,49.0,1021.2,1017.8,15.7,21.6,0,0
27,11.1,19.2,0.6,4,24.0,5,4,6.0,13.0,82.0,66.0,1018.8,1014.7,15.4,18.5,0,1
36,21.2,42.1,0.0,13,76.0,6,14,37.0,22.0,28.0,14.0,1009.1,1004.7,33.3,39.5,0,1
12,22.2,31.9,0.0,3,35.0,9,3,7.0,24.0,58.0,48.0,1014.0,1010.6,28.0,31.5,0,0
21,10.3,19.7,0.0,11,35.0,11,11,7.0,26.0,93.0,54.0,1022.7,1021.7,13.5,18.2,0,0
43,14.0,29.5,0.0,3,46.0,3,6,22.0,28.0,25.0,11.0,1020.6,1016.5,20.4,28.5,0,0
35,6.8,24.8,0.4,0,24.0,11,9,6.0,6.0,61.0,48.0,1022.4,1017.7,12.0,22.0,0,0
14,5.9,16.0,0.0,8,30.0,3,9,13.0,15.0,52.0,48.0,1020.4,1019.5,12.9,15.2,0,0
2,-2.3,17.9,0.0,0,37.0,0,2,9.0,20.0,53.0,22.0,1026.2,1022.1,7.2,17.1,0,0
34,24.6,28.7,144.2,1,59.0,1,7,13.0,19.0,91.0,95.0,994.3,991.6,26.5,25.8,1,1
33,15.4,26.5,0.0,4,48.0,13,4,9.0,31.0,53.0,48.0,1015.8,1012.1,21.5,24.9,0,0
34,17.6,34.4,0.0,4,33.0,9,4,9.0,24.0,20.0,26.0,1014.7,1010.4,30.5,33.0,0,0
11,10.7,18.1,5.0,12,39.0,11,12,17.0,24.0,99.0,72.0,1016.5,1017.2,12.8,16.6,1,0
20,7.8,20.2,0.4,11,39.0,12,11,13.0,31.0,92.0,65.0,1015.4,1012.1,12.0,18.4,0,0
28,11.8,20.0,6.6,9,30.0,11,8,2.0,17.0,97.0,65.0,1019.8,1018.6,14.1,18.8,1,0
43,25.8,43.7,0.0,9,67.0,9,2,24.0,26.0,32.0,8.0,1009.8,1007.0,30.2,41.9,0,0
42,17.0,23.8,1.4,11,22.0,11,2,13.0,13.0,75.0,70.0,1014.5,1012.5,20.1,23.4,1,0
17,9.3,18.9,0.0,3,67.0,3,3,46.0,39.0,32.0,24.0,1014.8,1009.9,14.5,17.3,0,0
19,9.2,18.6,0.8,15,43.0,7,14,13.0,24.0,92.0,61.0,1014.1,1010.9,11.9,16.9,0,1
2,2.7,16.4,0.0,2,33.0,10,2,13.0,13.0,62.0,33.0,1023.0,1019.5,8.4,15.4,0,0
20,0.2,20.3,0.0,15,24.0,0,12,13.0,11.0,34.0,20.0,1024.6,1020.8,12.6,20.0,0,0
1,5.7,21.2,0.0,14,33.0,0,13,2.0,9.0,77.0,44.0,1021.7,1018.7,13.3,20.7,0,0
31,5.0,19.5,0.0,2,33.0,14,2,13.0,17.0,79.0,51.0,1030.8,1028.4,11.6,18.7,0,0
24,20.0,24.3,0.0,3,44.0,5,4,26.0,26.0,79.0,95.0,1014.3,1012.1,22.8,19.9,0,1
20,12.7,32.5,0.0,11,50.0,11,12,6.0,22.0,18.0,12.0,1016.7,1013.4,23.4,31.1,0,0
21,9.2,21.7,0.0,10,37.0,1,10,6.0,24.0,61.0,33.0,1017.8,1016.7,14.1,19.4,0,0
8,0.2,10.2,0.2,14,48.0,14,14,20.0,30.0,59.0,53.0,1014.9,1013.6,5.9,7.2,0,0
20,2.9,20.0,0.0,4,31.0,1,5,15.0,13.0,67.0,38.0,1027.2,1024.0,13.0,19.2,0,0
13,13.1,24.0,0.0,9,59.0,8,9,28.0,44.0,55.0,65.0,1027.3,1026.1,19.5,20.4,0,0
17,17.7,27.4,0.0,9,46.0,10,9,13.0,19.0,69.0,38.0,1017.1,1015.4,19.6,26.4,0,0
9,18.0,31.6,0.0,15,44.0,5,12,15.0,20.0,50.0,42.0,1019.7,1016.7,21.4,26.4,0,0
12,26.0,32.6,0.0,0,33.0,8,3,2.0,15.0,62.0,62.0,1009.6,1005.5,29.6,32.0,0,1
31,3.8,13.1,0.0,13,35.0,7,13,13.0,24.0,82.0,69.0,1025.5,1023.8,8.7,12.5,0,0
38,13.3,27.8,0.0,1,37.0,4,8,9.0,13.0,66.0,71.0,1016.0,1011.3,21.3,24.7,0,0
32,20.6,27.6,0.0,4,48.0,1,4,9.0,22.0,63.0,52.0,1018.9,1015.4,24.6,27.1,0,0
42,7.1,18.2,0.0,13,54.0,7,3,11.0,20.0,53.0,35.0,1023.5,1018.8,13.6,17.7,0,0
4,2.2,10.5,9.0,13,80.0,14,12,44.0,37.0,99.0,64.0,995.7,1003.9,6.9,10.2,1,1
3,11.7,24.6,0.0,9,33.0,8,2,7.0,19.0,50.0,53.0,1020.1,1018.2,19.3,20.9,0,1
12,26.1,31.6,1.2,14,67.0,7,14,19.0,35.0,84.0,75.0,1006.5,1004.1,28.9,30.6,1,1
40,13.4,23.2,6.0,10,31.0,13,8,11.0,19.0,82.0,61.0,1016.3,1013.5,18.9,22.4,1,0
11,2.7,19.4,0.0,2,35.0,0,2,7.0,9.0,85.0,61.0,1024.2,1022.1,11.1,18.8,0,0
20,17.4,31.1,0.6,4,39.0,4,5,24.0,13.0,67.0,32.0,1017.7,1013.9,21.8,30.3,0,0
1,-0.2,14.3,0.0,9,19.0,0,8,7.0,7.0,100.0,59.0,1026.4,1023.2,4.6,13.9,0,0
6,14.5,23.8,0.0,2,31.0,4,1,6.0,17.0,54.0,67.0,1019.4,1015.7,20.5,19.2,0,0
2,7.7,22.7,0.0,8,41.0,10,10,28.0,24.0,23.0,19.0,1023.6,1020.3,16.9,21.3,0,0
34,18.0,28.4,0.0,1,30.0,4,4,17.0,17.0,62.0,54.0,1018.8,1014.5,25.7,27.5,0,0
20,5.2,12.7,0.0,8,15.0,4,7,6.0,9.0,82.0,58.0,1018.6,1016.1,9.0,12.4,0,0
5,7.7,15.3,0.2,7,22.0,2,14,11.0,11.0,75.0,55.0,1026.6,1023.8,10.5,14.3,0,0
42,21.4,23.7,10.6,8,44.0,8,11,33.0,26.0,87.0,76.0,1007.7,1009.1,21.5,22.5,1,1
0,13.0,20.7,0.0,4,39.0,4,4,15.0,19.0,49.0,39.0,1022.4,1019.3,16.9,19.8,0,0
14,12.9,28.2,0.0,14,106.0,6,6,7.0,46.0,58.0,26.0,1002.4,997.3,18.2,23.8,0,1
4,7.3,11.8,9.6,15,54.0,3,15,28.0,35.0,99.0,98.0,1000.2,1004.2,7.3,9.5,1,1
30,15.8,26.6,17.0,5,24.0,2,7,6.0,9.0,96.0,57.0,1025.2,1020.3,18.1,25.7,1,0
39,14.8,18.4,11.0,13,74.0,7,12,7.0,33.0,99.0,53.0,997.9,1001.7,14.9,17.6,1,1
23,9.4,19.3,0.0,4,24.0,14,0,9.0,15.0,68.0,59.0,1012.4,1008.9,14.2,16.0,0,0
42,10.7,16.6,0.0,14,94.0,14,15,46.0,19.0,47.0,48.0,1011.0,1011.8,12.9,15.0,0,0
40,21.8,29.4,0.0,10,30.0,9,10,9.0,19.0,78.0,63.0,1011.3,1009.2,25.5,28.6,0,1
21,9.7,26.8,0.0,7,31.0,1,11,11.0,17.0,99.0,72.0,1017.5,1011.9,14.3,23.3,0,1
38,16.1,23.5,0.4,8,28.0,11,8,13.0,13.0,67.0,56.0,1020.4,1019.0,19.7,21.8,0,1
20,16.2,34.2,0.0,5,33.0,4,15,24.0,19.0,64.0,22.0,1019.0,1015.7,22.7,33.7,0,0
30,9.2,20.7,0.0,14,52.0,3,15,13.0,28.0,63.0,40.0,1010.8,1008.3,15.4,19.2,0,0
24,22.5,25.4,0.0,5,54.0,5,5,28.0,30.0,91.0,86.0,1012.9,1011.8,23.7,24.8,0,0
5,4.3,16.1,0.0,8,37.0,10,10,13.0,22.0,79.0,39.0,1026.9,1025.6,9.3,15.0,0,0
23,9.6,19.9,0.0,5,50.0,3,4,2.0,24.0,67.0,69.0,1024.4,1020.3,14.5,16.9,0,0
37,14.8,28.0,0.0,0,37.0,0,4,22.0,13.0,60.0,45.0,1018.4,1013.1,18.4,27.2,0,0
17,14.5,20.1,0.0,8,41.0,10,8,28.0,26.0,45.0,47.0,1023.0,1023.1,16.2,19.0,0,0
20,9.8,30.4,0.0,13,41.0,4,13,15.0,26.0,64.0,25.0,1021.0,1016.4,17.4,29.9,0,0
12,23.8,34.0,6.0,9,41.0,2,14,11.0,19.0,74.0,48.0,1008.4,1005.9,28.0,33.6,1,1
41,10.6,20.3,1.0,14,59.0,3,13,22.0,22.0,54.0,96.0,1010.2,1006.5,16.7,15.0,0,1
42,18.7,24.8,0.0,4,20.0,11,5,4.0,7.0,83.0,77.0,1015.1,1012.2,21.5,23.9,0,0
37,-2.8,13.6,0.2,13,30.0,0,13,9.0,17.0,77.0,48.0,1025.3,1022.2,4.1,12.8,0,0
39,13.4,26.9,0.0,4,35.0,1,4,13.0,15.0,66.0,39.0,1018.2,1014.6,18.1,25.2,0,0
13,22.5,27.2,35.4,2,52.0,0,2,39.0,35.0,100.0,86.0,1015.4,1014.1,24.1,25.5,1,1
43,17.1,38.0,0.0,5,48.0,0,5,17.0,17.0,9.0,2.0,1020.9,1017.0,24.8,37.1,0,0
1,20.9,33.0,0.0,5,33.0,9,8,15.0,11.0,49.0,29.0,1019.9,1017.6,24.5,31.4,0,0
31,15.7,23.0,2.0,14,74.0,13,13,41.0,44.0,53.0,48.0,1005.7,1007.9,17.8,21.8,1,0
21,4.4,13.1,0.2,0,19.0,2,10,11.0,9.0,95.0,64.0,1032.6,1029.4,9.0,12.0,0,0
13,16.8,26.2,0.0,2,26.0,8,0,11.0,13.0,63.0,57.0,1023.1,1020.2,23.7,23.3,0,0
29,7.6,14.4,4.2,15,65.0,14,13,24.0,41.0,83.0,83.0,1010.1,1009.3,11.5,13.8,1,1
0,11.8,20.3,0.0,12,35.0,10,15,9.0,17.0,59.0,46.0,1026.9,1025.1,15.5,18.8,0,1
39,8.7,24.1,0.2,8,22.0,2,5,4.0,7.0,90.0,37.0,1020.5,1018.7,10.7,21.5,0,0
41,11.8,18.0,1.8,12,35.0,8,11,17.0,19.0,74.0,76.0,1017.9,1019.0,15.9,15.8,1,0
33,15.8,30.6,0.0,11,52.0,7,0,15.0,17.0,50.0,68.0,1016.7,1014.8,22.1,20.8,0,1
21,9.3,16.3,0.2,8,41.0,10,8,26.0,26.0,56.0,45.0,1023.9,1023.4,12.3,15.0,0,0
33,16.3,22.8,0.0,14,91.0,7,14,33.0,48.0,29.0,31.0,1000.5,1000.6,20.2,18.5,0,0
25,10.2,22.9,0.0,10,46.0,9,8,20.0,22.0,52.0,26.0,1019.3,1016.7,14.1,21.9,0,0
8,12.2,26.1,0.0,14,48.0,2,6,7.0,24.0,88.0,61.0,1012.5,1008.9,17.7,23.8,0,1
11,11.4,19.9,3.4,8,24.0,10,0,13.0,7.0,89.0,63.0,1025.9,1023.8,12.8,18.2,1,0
32,12.4,19.3,10.2,13,67.0,14,14,31.0,33.0,36.0,23.0,1014.2,1011.8,13.6,18.9,1,0
38,9.6,15.8,35.6,6,41.0,7,7,17.0,22.0,90.0,77.0,1012.2,1014.4,11.2,15.3,1,1
42,19.6,20.7,0.0,8,56.0,9,8,15.0,26.0,79.0,68.0,1014.1,1016.0,20.4,19.1,0,0
19,13.4,17.6,0.2,11,67.0,15,15,24.0,24.0,56.0,39.0,1015.4,1015.8,15.3,16.0,0,0
7,19.9,31.2,0.0,1,33.0,10,0,15.0,19.0,62.0,53.0,1014.1,1011.2,27.4,29.6,0,0
17,16.0,33.7,0.0,3,52.0,3,3,28.0,30.0,70.0,28.0,1022.0,1017.9,19.5,31.7,0,0
12,21.9,32.4,0.0,4,33.0,2,6,19.0,22.0,73.0,60.0,1010.2,1006.8,25.6,29.5,0,0
0,6.2,15.2,0.4,15,22.0,4,13,6.0,13.0,84.0,57.0,1019.4,1016.8,9.6,15.0,0,0
23,9.1,15.2,2.4,15,22.0,13,15,11.0,11.0,94.0,91.0,1025.7,1023.1,10.1,12.5,1,1
43,16.1,31.8,0.0,6,24.0,0,0,11.0,13.0,36.0,19.0,1023.5,1020.0,22.9,30.4,0,0
1,19.3,31.2,0.0,9,35.0,9,10,20.0,20.0,55.0,30.0,1018.3,1018.8,21.3,30.0,0,0
28,14.4,21.8,6.0,13,35.0,8,11,13.0,17.0,83.0,51.0,1015.4,1015.4,15.7,20.1,1,0
23,21.2,29.2,0.0,4,41.0,3,4,11.0,26.0,93.0,75.0,1021.4,1019.9,23.8,26.3,0,0
11,8.8,15.9,2.8,6,41.0,6,6,11.0,19.0,100.0,88.0,1023.1,1020.6,11.7,15.6,1,0
38,8.6,14.6,2.2,11,50.0,10,9,20.0,19.0,65.0,52.0,1025.2,1025.8,11.8,12.5,1,0
5,8.7,29.9,0.0,6,54.0,10,6,4.0,28.0,50.0,26.0,1011.2,1009.0,20.4,27.8,0,1
4,3.0,13.8,0.0,3,39.0,5,5,22.0,24.0,76.0,63.0,1035.8,1033.7,8.0,13.4,0,0
43,13.1,30.3,21.0,0,33.0,9,2,20.0,17.0,47.0,28.0,1018.2,1015.8,20.1,27.6,1,0
23,17.2,22.2,0.0,10,31.0,10,2,19.0,13.0,67.0,63.0,1019.9,1018.4,19.4,20.6,0,0
14,11.2,13.8,0.2,2,26.0,1,2,6.0,17.0,95.0,89.0,1034.4,1033.6,11.7,12.5,0,0
8,15.4,28.4,0.0,1,33.0,10,4,9.0,15.0,85.0,31.0,1022.4,1018.6,16.8,27.3,0,0
19,21.5,37.1,0.0,3,44.0,3,5,31.0,19.0,39.0,20.0,1015.8,1012.0,28.0,36.2,0,0
40,13.8,21.1,9.6,8,43.0,11,8,24.0,31.0,62.0,58.0,1021.0,1019.9,18.6,20.3,1,1
25,15.5,23.4,0.0,12,39.0,15,15,17.0,20.0,71.0,48.0,1009.9,1008.2,17.0,21.5,0,0
36,21.5,29.0,0.0,0,37.0,0,2,7.0,17.0,69.0,57.0,1007.1,1005.4,25.0,27.4,0,0
19,17.6,33.2,0.0,4,28.0,0,3,7.0,7.0,58.0,30.0,1019.1,1016.2,21.6,32.5,0,0
8,12.6,20.2,19.8,13,46.0,6,13,17.0,20.0,76.0,50.0,1007.9,1008.4,15.1,17.4,1,0
16,5.8,17.9,0.0,7,39.0,0,7,6.0,20.0,64.0,55.0,1030.1,1028.3,10.7,16.8,0,0
14,7.9,17.9,0.0,3,50.0,6,7,24.0,20.0,53.0,31.0,1019.3,1016.9,10.0,16.3,0,0
34,15.4,27.9,0.0,4,31.0,13,1,2.0,17.0,77.0,60.0,1015.1,1011.7,23.9,25.8,0,0
40,11.1,19.7,0.0,8,26.0,14,8,15.0,9.0,91.0,89.0,1020.6,1018.8,15.2,16.3,0,1
16,15.9,26.5,0.0,6,35.0,7,7,7.0,17.0,83.0,47.0,1024.1,1020.1,19.2,25.6,0,0
18,17.8,27.0,0.0,8,26.0,12,10,7.0,13.0,67.0,45.0,1006.7,1003.6,21.4,26.4,0,0
18,13.4,31.7,0.0,3,35.0,3,5,4.0,19.0,81.0,33.0,1019.2,1014.5,16.7,30.4,0,0
8,4.5,18.2,0.0,4,41.0,0,1,9.0,24.0,68.0,71.0,1029.8,1027.3,13.8,15.1,0,1
26,8.3,20.8,0.0,15,43.0,10,15,9.0,20.0,54.0,62.0,1016.6,1015.9,16.4,18.3,0,0
1,3.8,16.9,0.0,3,26.0,9,6,7.0,15.0,88.0,44.0,1017.8,1014.4,9.7,16.1,0,0
3,14.5,28.1,0.0,14,39.0,9,3,6.0,13.0,73.0,90.0,1004.0,1002.5,22.2,20.6,0,1
0,15.0,27.0,0.0,3,30.0,5,0,11.0,2.0,40.0,29.0,1018.9,1015.8,21.3,25.2,0,0
12,22.5,32.3,0.0,9,48.0,2,0,20.0,24.0,52.0,25.0,1014.9,1011.7,25.3,31.7,0,0
31,3.5,19.2,0.8,14,31.0,7,3,11.0,19.0,88.0,48.0,1017.7,1015.2,8.8,18.1,0,0
14,9.2,21.6,0.2,6,74.0,7,6,30.0,30.0,54.0,30.0,1016.7,1016.4,12.8,20.8,0,0
35,18.3,32.3,0.0,2,41.0,8,2,6.0,26.0,55.0,54.0,1010.2,1008.7,24.5,26.5,0,0
33,20.5,26.5,0.0,4,43.0,13,5,7.0,24.0,89.0,75.0,1020.8,1016.9,21.4,24.5,0,0
33,20.6,25.8,0.0,8,41.0,11,10,20.0,20.0,81.0,70.0,1019.4,1018.9,21.5,23.5,0,0
28,12.7,18.9,4.8,13,54.0,11,10,20.0,9.0,73.0,64.0,1012.5,1011.5,15.3,16.2,1,1
17,8.3,17.3,0.0,3,65.0,3,3,33.0,28.0,69.0,46.0,1030.5,1026.4,9.9,16.7,0,0
24,18.1,24.3,0.0,0,39.0,2,0,26.0,20.0,59.0,64.0,1022.0,1021.7,21.9,22.2,0,0
8,0.1,18.5,0.0,6,33.0,9,6,11.0,17.0,78.0,33.0,1016.4,1011.2,7.6,17.8,0,1
31,6.3,15.8,2.2,13,37.0,13,13,17.0,20.0,71.0,67.0,1025.7,1024.8,9.7,15.4,1,0
33,7.7,20.0,0.0,14,43.0,7,5,13.0,20.0,47.0,39.0,1017.9,1011.8,14.5,18.4,0,1
11,7.1,7.9,11.8,14,69.0,7,7,24.0,20.0,86.0,89.0,993.7,998.7,7.2,5.8,1,1
37,18.1,32.4,6.4,1,46.0,2,13,7.0,13.0,70.0,39.0,1013.9,1011.8,22.5,30.6,1,0
40,15.0,30.9,0.0,4,48.0,7,0,11.0,24.0,67.0,47.0,1012.4,1009.4,23.2,29.8,0,0
2,7.6,31.0,0.0,7,41.0,6,6,2.0,24.0,27.0,12.0,1012.4,1006.8,21.0,30.1,0,0
33,22.1,29.0,0.4,5,44.0,5,1,19.0,28.0,77.0,58.0,1010.4,1007.8,23.8,27.0,0,0
12,24.8,33.0,0.0,6,31.0,3,6,15.0,20.0,66.0,50.0,1013.6,1009.1,28.9,32.4,0,0
16,4.8,16.0,0.0,10,41.0,10,10,19.0,17.0,59.0,41.0,1034.0,1032.4,9.1,14.5,0,0
19,14.0,23.4,1.0,12,44.0,13,12,17.0,26.0,85.0,41.0,1019.2,1019.9,16.0,22.0,0,0
18,5.1,14.7,0.2,13,48.0,6,13,24.0,28.0,68.0,43.0,1016.0,1015.7,9.3,14.1,0,0
30,20.2,26.4,23.2,2,33.0,10,13,9.0,15.0,99.0,88.0,1012.7,1008.7,22.0,24.2,1,1
23,15.2,20.2,16.4,5,26.0,11,5,4.0,7.0,90.0,76.0,1025.8,1022.2,17.8,19.4,1,0
26,20.6,35.2,0.0,1,57.0,1,1,35.0,17.0,37.0,17.0,1014.5,1010.3,25.4,34.8,0,0
24,15.7,19.1,2.4,13,74.0,14,13,35.0,48.0,82.0,71.0,1008.2,1005.6,17.0,17.9,1,1
23,20.0,23.3,0.0,8,57.0,11,8,33.0,39.0,83.0,77.0,1013.6,1014.1,21.4,22.4,0,0
25,9.8,22.2,0.0,15,31.0,15,13,17.0,20.0,86.0,56.0,1026.2,1023.9,15.1,21.3,0,0
39,8.1,15.8,0.0,15,50.0,14,15,19.0,24.0,64.0,92.0,1014.6,1014.0,11.0,11.3,0,0
42,16.6,23.4,0.0,9,31.0,11,9,11.0,15.0,71.0,60.0,1020.0,1019.0,20.2,22.5,0,0
19,13.7,27.8,0.0,10,39.0,9,10,17.0,17.0,55.0,35.0,1021.1,1017.9,18.2,23.5,0,0
12,25.4,31.3,0.0,11,37.0,15,11,6.0,11.0,72.0,85.0,1008.1,1005.3,29.9,28.5,0,1
29,1.4,13.7,0.0,13,20.0,6,15,2.0,7.0,91.0,63.0,1032.0,1029.6,4.9,12.1,0,0
7,19.1,27.3,5.2,9,41.0,10,2,19.0,28.0,80.0,64.0,1017.0,1014.5,21.8,25.4,1,0
19,14.9,35.3,0.0,14,33.0,13,13,7.0,15.0,60.0,19.0,1014.2,1013.1,19.5,32.5,0,0
28,13.8,28.1,0.0,15,44.0,2,12,11.0,33.0,39.0,34.0,1022.3,1018.0,20.9,26.2,0,0
23,14.7,19.1,18.0,10,59.0,13,10,11.0,30.0,100.0,83.0,1030.6,1027.6,15.1,18.4,1,1
21,13.6,36.5,0.0,10,41.0,0,8,17.0,30.0,51.0,27.0,1017.9,1014.9,21.8,32.9,0,0
34,24.5,31.5,0.0,5,35.0,9,4,22.0,30.0,53.0,50.0,1011.1,1008.7,28.3,29.9,0,0
25,8.9,21.0,0.0,15,37.0,9,15,13.0,17.0,59.0,35.0,1020.3,1017.7,14.3,20.0,0,0
2,16.3,28.8,0.0,2,44.0,2,4,24.0,20.0,21.0,14.0,1019.4,1014.6,22.4,27.8,0,0
24,15.7,20.3,0.8,0,24.0,9,5,13.0,9.0,83.0,76.0,1018.2,1016.3,18.0,18.9,0,0
21,7.5,14.7,16.8,4,44.0,5,5,30.0,30.0,97.0,92.0,1019.8,1015.3,12.8,14.0,1,1
18,7.3,23.8,0.0,10,31.0,9,8,17.0,15.0,61.0,44.0,1025.7,1019.9,14.1,22.8,0,0
21,15.3,20.6,0.0,15,52.0,15,12,31.0,30.0,79.0,45.0,1013.6,1018.4,15.9,17.5,0,0
42,13.5,22.4,0.0,12,28.0,2,4,13.0,20.0,56.0,52.0,1013.4,1012.2,20.0,21.3,0,0
17,11.8,19.8,12.0,8,35.0,15,10,13.0,9.0,57.0,52.0,1021.7,1021.4,14.8,18.7,1,0
4,7.4,12.3,18.0,13,83.0,13,15,50.0,31.0,84.0,64.0,1005.4,1012.4,8.3,10.1,1,1
23,11.1,20.4,0.0,13,31.0,14,13,9.0,13.0,54.0,43.0,1018.2,1015.1,15.8,19.8,0,0
9,16.0,24.2,7.0,9,43.0,9,2,13.0,24.0,66.0,56.0,1012.1,1011.2,18.9,22.7,1,0
17,11.7,15.2,10.6,15,44.0,13,14,17.0,13.0,79.0,72.0,1007.2,1005.1,11.7,12.4,1,1
0,10.2,16.8,0.0,13,19.0,6,15,2.0,9.0,86.0,89.0,1024.2,1021.9,12.7,14.7,0,1
1,14.3,35.8,0.0,14,35.0,0,15,6.0,17.0,47.0,8.0,1011.4,1008.1,22.8,34.7,0,0
37,1.5,15.1,0.0,0,22.0,2,5,17.0,11.0,77.0,50.0,1038.8,1035.7,5.6,14.5,0,0
9,18.0,29.3,0.6,11,35.0,12,12,15.0,19.0,64.0,37.0,1009.6,1008.8,21.8,28.5,0,0
29,10.4,15.2,1.0,10,35.0,10,8,19.0,19.0,73.0,71.0,1015.7,1015.7,12.3,14.6,0,0
20,13.4,15.7,4.8,0,37.0,0,8,28.0,11.0,83.0,90.0,1019.5,1015.4,14.9,15.6,1,1
20,4.0,19.2,0.0,12,39.0,4,12,13.0,24.0,57.0,42.0,1018.5,1015.7,9.8,15.5,0,0
20,15.8,35.4,0.0,5,22.0,5,5,13.0,13.0,45.0,15.0,1012.4,1009.7,23.8,34.0,0,0
4,4.0,11.8,4.6,6,48.0,3,6,20.0,30.0,98.0,87.0,1017.9,1017.1,7.3,11.8,1,1
13,14.9,24.6,0.0,5,37.0,7,5,9.0,30.0,60.0,60.0,1023.5,1019.4,21.0,23.2,0,0
40,10.4,23.3,0.0,11,37.0,14,12,22.0,22.0,61.0,98.0,1025.0,1023.8,16.8,16.7,0,1
35,13.7,25.5,0.0,4,24.0,11,15,7.0,9.0,61.0,38.0,1022.5,1018.9,16.8,23.9,0,0
21,7.1,32.4,0.0,14,39.0,0,12,17.0,20.0,43.0,23.0,1014.9,1010.0,17.9,30.7,0,0
3,1.8,18.0,0.0,15,26.0,7,7,4.0,11.0,87.0,36.0,1017.8,1014.4,6.6,17.7,0,0
43,6.1,23.2,0.0,15,54.0,6,15,17.0,37.0,58.0,40.0,1023.3,1021.3,10.7,21.5,0,0
25,12.5,32.0,0.0,0,39.0,4,11,13.0,9.0,78.0,27.0,1006.8,1003.7,18.1,29.0,0,1
11,5.9,29.0,0.0,3,52.0,5,13,20.0,28.0,37.0,24.0,1011.2,1008.4,18.9,24.8,0,1
28,8.7,20.9,0.0,5,31.0,1,0,19.0,15.0,67.0,37.0,1027.5,1023.8,13.0,20.5,0,0
2,7.1,28.8,0.0,2,46.0,9,10,7.0,13.0,22.0,15.0,1020.0,1015.8,18.7,27.8,0,0
11,8.3,14.7,0.2,14,54.0,6,6,11.0,15.0,84.0,97.0,1005.9,1002.8,11.3,12.9,0,1
37,0.9,19.2,0.0,5,26.0,0,12,11.0,11.0,76.0,29.0,1025.5,1022.0,10.4,18.3,0,0
2,-4.0,16.2,0.0,2,54.0,2,2,9.0,28.0,29.0,27.0,1028.9,1025.3,6.4,15.5,0,0
22,12.6,33.3,0.0,7,56.0,8,14,7.0,24.0,70.0,19.0,1011.4,1007.2,17.5,32.1,0,1
23,20.6,21.9,6.4,11,35.0,11,11,6.0,13.0,98.0,99.0,1013.2,1011.6,21.4,21.0,1,1
6,19.2,28.0,6.0,1,24.0,11,4,7.0,11.0,73.0,60.0,1016.7,1013.1,24.1,27.4,1,1
33,14.3,17.6,0.0,11,44.0,11,11,19.0,15.0,64.0,66.0,1030.6,1028.7,16.1,16.4,0,0
39,5.9,13.7,0.0,8,28.0,14,12,6.0,15.0,99.0,71.0,1036.4,1034.8,8.4,12.1,0,0
25,9.6,32.3,0.0,9,37.0,1,0,20.0,11.0,36.0,20.0,1014.0,1010.5,18.2,30.2,0,0
9,13.8,21.6,2.6,0,28.0,2,12,13.0,11.0,77.0,63.0,1015.2,1015.0,16.6,18.2,1,1
16,9.1,14.7,0.0,6,46.0,6,6,20.0,30.0,83.0,79.0,1015.2,1011.4,12.7,14.0,0,0
41,10.8,24.9,0.0,8,44.0,2,10,13.0,28.0,59.0,47.0,1025.6,1020.6,16.8,22.8,0,0
38,17.9,27.9,1.6,0,41.0,0,0,15.0,24.0,87.0,54.0,1019.5,1015.9,20.7,26.8,1,0
0,15.6,30.8,0.0,15,28.0,4,3,4.0,7.0,52.0,26.0,1013.4,1010.9,21.9,30.2,0,0
23,10.9,17.8,8.4,9,39.0,12,10,9.0,20.0,97.0,83.0,1030.7,1028.4,13.5,16.4,1,1
39,6.9,13.2,0.0,2,28.0,12,8,6.0,11.0,100.0,67.0,1021.6,1018.7,7.4,12.1,0,0
7,24.8,32.5,0.0,4,31.0,2,4,9.0,17.0,74.0,70.0,1010.1,1006.9,29.5,31.9,0,0
35,7.5,11.5,0.0,14,33.0,7,7,15.0,17.0,69.0,66.0,1003.5,1003.7,9.4,10.2,0,0
19,7.6,22.5,0.0,15,67.0,6,14,26.0,35.0,38.0,29.0,1012.4,1008.9,16.5,22.3,0,1
26,13.3,20.3,0.2,6,20.0,7,12,24.0,30.0,72.0,55.0,1013.4,1014.6,18.2,18.8,0,1
19,8.5,15.7,2.6,13,50.0,14,14,22.0,28.0,70.0,46.0,1011.0,1010.7,11.7,15.0,1,0
42,18.1,23.6,0.0,4,31.0,5,4,9.0,20.0,75.0,69.0,1021.2,1018.5,19.7,22.0,0,0
17,10.7,14.4,0.0,15,80.0,3,13,35.0,33.0,58.0,80.0,1003.7,1005.3,12.1,9.5,0,1
8,13.5,22.8,0.0,2,52.0,10,2,15.0,26.0,74.0,38.0,1024.5,1022.3,16.7,22.3,0,0
9,22.4,37.1,0.0,1,41.0,1,1,26.0,13.0,39.0,12.0,1016.4,1014.6,25.9,36.3,0,0
10,21.7,27.4,2.6,5,43.0,3,5,15.0,31.0,76.0,74.0,1015.3,1013.3,23.4,25.4,1,0
18,7.0,19.5,0.0,8,30.0,12,8,4.0,17.0,71.0,52.0,1027.3,1024.2,14.0,18.6,0,0
27,11.0,26.9,0.0,8,35.0,1,11,15.0,17.0,46.0,41.0,1024.1,1020.2,20.1,24.6,0,0
21,10.4,15.4,12.2,6,83.0,3,13,19.0,43.0,89.0,85.0,997.8,993.1,13.0,11.2,1,1
21,8.4,10.2,2.4,3,37.0,3,5,17.0,15.0,84.0,92.0,1012.2,1008.5,9.3,9.8,1,1
8,4.5,12.8,4.2,7,56.0,7,6,35.0,24.0,74.0,90.0,1011.3,1008.6,12.7,10.3,1,1
29,9.7,11.4,5.6,6,35.0,3,5,20.0,9.0,78.0,85.0,1013.0,1009.7,9.8,10.5,1,1
9,17.2,34.6,0.0,1,44.0,0,2,22.0,13.0,45.0,20.0,1016.6,1014.7,22.4,32.9,0,0
39,8.9,17.4,2.2,11,59.0,13,15,19.0,26.0,65.0,45.0,1018.0,1021.8,12.2,16.9,1,1
7,13.1,26.5,0.0,0,31.0,8,2,15.0,20.0,59.0,53.0,1016.7,1013.3,22.3,25.0,0,0
28,1.6,16.4,2.0,9,39.0,11,9,9.0,20.0,84.0,43.0,1029.3,1028.3,8.0,15.7,1,0
32,7.3,20.0,0.0,14,22.0,14,1,17.0,11.0,75.0,32.0,1027.0,1023.6,9.6,19.0,0,0
24,13.3,20.6,0.0,5,33.0,3,7,13.0,13.0,66.0,65.0,1022.3,1019.4,19.0,19.5,0,1
5,6.0,12.3,7.2,12,54.0,12,12,22.0,24.0,73.0,58.0,1014.1,1016.5,9.4,11.6,1,0
42,16.7,24.3,0.0,5,43.0,14,4,7.0,33.0,54.0,66.0,1020.2,1015.1,21.2,22.1,0,0
33,6.1,14.1,0.0,11,46.0,14,8,15.0,22.0,50.0,56.0,1026.4,1024.6,9.7,13.4,0,0
34,23.1,29.0,0.0,1,35.0,2,1,19.0,24.0,73.0,68.0,1019.0,1014.3,25.3,27.2,0,0
26,21.8,35.2,0.0,0,63.0,0,1,33.0,28.0,49.0,28.0,1011.7,1008.9,25.4,33.7,0,0
23,16.5,20.3,5.8,8,57.0,12,8,15.0,44.0,90.0,88.0,1018.7,1019.2,16.7,18.6,1,1
39,13.8,24.1,9.4,13,54.0,13,15,19.0,31.0,60.0,44.0,1008.3,1010.6,16.9,21.7,1,0
5,1.9,18.5,0.0,15,57.0,13,15,15.0,28.0,70.0,65.0,1020.4,1019.6,11.8,16.3,0,1
4,20.6,32.3,0.0,3,65.0,5,3,43.0,33.0,61.0,47.0,1012.5,1009.4,23.7,28.7,0,1
8,17.4,33.8,0.0,0,48.0,2,7,6.0,9.0,73.0,35.0,1011.6,1007.0,20.7,31.4,0,0
43,16.0,26.0,0.0,9,30.0,10,3,17.0,7.0,63.0,27.0,1020.4,1017.1,17.1,24.8,0,0
0,17.3,27.6,0.0,12,46.0,3,12,2.0,24.0,42.0,45.0,1012.3,1013.6,22.0,26.7,0,0
27,11.2,19.0,6.8,15,35.0,12,15,6.0,15.0,79.0,57.0,1019.9,1019.1,14.9,18.1,1,1
1,19.0,34.2,0.0,10,52.0,10,9,9.0,11.0,55.0,25.0,1007.4,1004.5,24.5,31.6,0,0
23,20.3,23.3,1.8,10,59.0,10,10,46.0,31.0,75.0,69.0,1018.5,1018.8,21.4,22.0,1,0
14,11.5,21.6,0.0,7,76.0,6,13,19.0,22.0,56.0,52.0,997.5,992.0,15.0,18.6,0,1
31,7.2,13.9,17.8,13,72.0,13,14,43.0,43.0,65.0,53.0,998.6,998.9,10.6,12.2,1,1
1,15.9,35.2,0.0,12,33.0,9,12,7.0,11.0,49.0,23.0,1021.0,1017.2,23.3,33.8,0,0
19,13.1,26.1,0.2,10,41.0,10,10,22.0,20.0,65.0,17.0,1015.5,1013.9,16.0,23.5,0,0
11,9.0,26.1,0.0,6,43.0,5,3,15.0,19.0,72.0,50.0,1017.1,1013.3,16.9,23.7,0,0
33,21.0,29.7,17.6,1,30.0,7,0,13.0,22.0,87.0,63.0,1001.4,999.3,22.7,27.5,1,1
23,19.6,30.0,0.0,5,30.0,5,0,11.0,13.0,71.0,59.0,1016.5,1015.7,24.5,26.5,0,0
2,12.5,35.5,0.0,3,43.0,4,15,15.0,19.0,28.0,11.0,1015.8,1011.2,26.7,35.2,0,0
37,5.4,18.2,0.0,14,26.0,0,13,11.0,9.0,70.0,54.0,1026.1,1022.3,13.4,17.7,0,0
16,4.2,14.1,0.0,7,11.0,2,7,6.0,6.0,87.0,56.0,1021.1,1019.7,6.8,13.8,0,0
31,7.8,16.6,1.8,13,61.0,13,13,24.0,46.0,69.0,65.0,1022.2,1020.8,12.7,14.9,1,0
37,2.0,16.3,1.2,13,22.0,0,14,6.0,13.0,76.0,60.0,1023.3,1021.1,9.9,15.9,1,0
6,8.6,22.1,0.0,15,19.0,12,8,6.0,4.0,73.0,45.0,1024.7,1021.2,14.2,20.4,0,0
42,17.8,25.2,0.0,5,22.0,10,4,9.0,15.0,81.0,81.0,1022.5,1017.7,19.5,21.0,0,0
34,21.4,28.8,2.6,5,26.0,12,14,7.0,6.0,87.0,61.0,1014.4,1010.1,23.2,28.7,1,0
8,4.5,15.3,0.0,6,35.0,6,8,11.0,19.0,71.0,49.0,1026.2,1026.7,9.5,14.5,0,0
3,19.2,31.4,0.0,1,31.0,5,5,4.0,9.0,77.0,49.0,1023.5,1019.9,23.8,29.6,0,0
29,7.5,14.3,2.4,3,48.0,3,6,20.0,26.0,84.0,57.0,1024.0,1018.2,8.5,13.5,1,1
18,9.2,17.3,0.0,3,91.0,5,7,26.0,39.0,75.0,52.0,1017.3,1013.3,10.5,17.0,0,1
43,27.7,40.1,0.0,10,69.0,0,7,9.0,19.0,38.0,38.0,1008.9,1004.0,31.6,37.3,0,1
8,1.7,13.8,0.0,6,46.0,3,8,9.0,26.0,68.0,70.0,1009.5,1008.7,9.7,10.6,0,1
31,4.9,13.0,0.0,13,50.0,13,15,20.0,24.0,81.0,72.0,1020.0,1019.5,8.6,11.7,0,0
16,8.1,22.5,0.0,6,35.0,7,6,7.0,20.0,89.0,48.0,1019.2,1017.4,17.6,21.1,0,0
26,16.1,28.9,0.0,1,46.0,4,1,22.0,24.0,45.0,21.0,1024.8,1019.7,19.9,28.2,0,0
43,7.7,23.1,0.0,6,52.0,5,6,13.0,31.0,75.0,35.0,1010.0,1005.2,11.8,22.5,0,0
23,14.3,17.8,0.6,10,56.0,10,8,33.0,31.0,71.0,80.0,1033.8,1033.4,15.9,15.5,0,0
43,15.6,30.1,0.0,10,48.0,9,15,30.0,11.0,41.0,16.0,1020.0,1017.8,17.5,28.2,0,0
10,20.1,27.7,0.0,11,43.0,11,10,30.0,17.0,61.0,63.0,1013.5,1013.0,24.0,26.2,0,1
2,0.3,21.2,0.0,2,26.0,15,10,2.0,13.0,43.0,21.0,1024.5,1020.8,9.9,20.7,0,0
5,4.2,15.1,0.0,11,33.0,15,8,7.0,13.0,70.0,52.0,1030.2,1028.9,9.4,14.4,0,0
25,6.7,24.5,0.0,9,46.0,1,4,17.0,9.0,55.0,38.0,1024.2,1020.1,12.5,22.9,0,0
14,6.5,13.2,2.4,13,59.0,14,4,26.0,13.0,52.0,51.0,1003.2,1008.1,10.4,11.5,1,1
29,15.3,19.7,4.6,14,41.0,13,12,19.0,19.0,93.0,63.0,1008.9,1012.3,16.0,17.2,1,0
6,17.3,29.2,0.0,14,43.0,15,11,2.0,6.0,85.0,71.0,1013.5,1011.8,21.1,21.0,0,1
17,6.5,14.7,0.0,8,28.0,15,8,9.0,19.0,72.0,63.0,1017.2,1017.1,9.3,12.6,0,0
23,20.0,27.5,0.0,4,37.0,5,4,20.0,22.0,89.0,73.0,1018.5,1015.3,23.3,26.2,0,0
35,18.4,22.8,1.6,6,33.0,3,3,11.0,17.0,90.0,87.0,1016.3,1014.7,19.3,21.3,1,1
12,19.4,33.9,0.0,2,56.0,9,4,15.0,31.0,72.0,25.0,1016.5,1012.1,25.6,32.8,0,0
10,22.0,32.5,0.0,4,35.0,9,4,7.0,22.0,63.0,68.0,1008.5,1005.8,28.6,31.2,0,1
39,12.5,29.8,0.0,12,33.0,6,15,2.0,15.0,91.0,42.0,1021.9,1018.5,17.3,27.9,0,0
29,5.0,15.0,0.0,3,44.0,5,3,15.0,24.0,80.0,64.0,1016.1,1010.8,10.0,14.7,0,0
41,13.4,28.5,0.0,1,44.0,0,0,28.0,22.0,44.0,29.0,1017.7,1014.0,19.7,27.3,0,0
18,8.7,12.9,1.0,11,57.0,12,11,28.0,22.0,77.0,80.0,1017.9,1019.5,10.4,11.0,0,1
18,15.9,21.9,30.0,3,67.0,3,3,20.0,37.0,82.0,68.0,1006.5,1004.3,17.1,18.3,1,1
0,15.0,28.5,0.0,6,48.0,5,6,17.0,26.0,35.0,27.0,1014.4,1011.1,22.4,27.4,0,0
3,20.8,40.1,0.0,5,50.0,3,5,13.0,15.0,79.0,39.0,1013.2,1007.4,23.9,37.8,0,0
34,25.3,31.9,1.2,1,33.0,4,4,15.0,24.0,67.0,67.0,1011.8,1008.3,29.4,29.6,1,0
4,5.8,11.4,5.2,10,54.0,0,9,13.0,20.0,88.0,81.0,1008.1,1008.8,9.1,10.6,1,1
35,6.9,13.7,1.6,7,43.0,13,7,13.0,19.0,55.0,57.0,1003.0,1005.7,12.2,11.7,1,0
41,13.8,19.8,1.8,15,46.0,12,15,20.0,15.0,56.0,56.0,1022.2,1022.5,16.5,18.4,1,0
13,18.4,29.4,0.8,5,39.0,1,5,11.0,31.0,67.0,63.0,1012.1,1008.8,25.9,28.9,0,1
39,8.4,27.5,0.0,14,35.0,1,6,7.0,17.0,66.0,58.0,1011.3,1006.9,15.8,23.4,0,0
23,18.7,25.3,15.0,1,48.0,0,1,22.0,20.0,97.0,75.0,1016.0,1015.2,20.8,23.7,1,1
25,6.5,20.0,0.0,10,30.0,0,9,17.0,15.0,52.0,27.0,1030.4,1026.6,13.2,19.3,0,0
19,7.4,21.0,0.0,14,46.0,6,14,15.0,30.0,63.0,38.0,1017.8,1016.1,12.1,20.5,0,0
5,8.5,25.0,0.0,10,43.0,2,1,11.0,17.0,61.0,38.0,1034.9,1031.0,12.9,23.7,0,0
2,13.8,28.0,0.0,9,50.0,2,9,19.0,24.0,40.0,26.0,1020.8,1017.9,21.4,27.4,0,0
17,15.2,21.5,0.0,11,30.0,11,8,9.0,9.0,57.0,47.0,1018.8,1018.2,16.5,20.7,0,0
19,4.1,20.7,0.0,9,33.0,2,9,19.0,15.0,52.0,24.0,1032.4,1027.9,12.8,20.0,0,0
2,22.0,25.7,57.8,3,31.0,1,1,17.0,15.0,96.0,96.0,1003.6,1000.0,23.2,23.7,1,1
33,16.8,28.3,0.0,13,26.0,7,6,11.0,13.0,68.0,35.0,1010.7,1007.3,20.4,28.0,0,0
43,9.6,24.2,0.0,10,26.0,10,13,17.0,7.0,63.0,20.0,1022.1,1017.6,15.6,23.7,0,0
41,7.3,25.0,0.0,6,37.0,0,15,13.0,11.0,55.0,44.0,1022.0,1017.9,17.3,23.9,0,0
19,12.9,24.4,0.0,14,30.0,7,13,9.0,17.0,72.0,27.0,1020.0,1016.2,17.1,24.2,0,0
31,19.1,28.9,0.0,2,37.0,0,0,17.0,24.0,90.0,59.0,1022.1,1018.3,22.4,27.7,0,0
12,25.9,34.4,0.0,14,33.0,15,14,15.0,15.0,78.0,30.0,1012.1,1008.1,29.0,33.9,0,0
4,6.8,26.5,0.0,5,63.0,3,3,41.0,44.0,57.0,31.0,1019.5,1015.1,17.2,25.1,0,0
10,0.6,18.7,0.0,8,28.0,12,10,7.0,17.0,67.0,31.0,1018.6,1016.1,10.1,18.2,0,0
29,8.4,33.4,0.0,15,35.0,5,13,9.0,24.0,99.0,26.0,1019.8,1016.0,14.1,32.3,0,0
24,20.2,25.6,0.0,3,30.0,14,14,15.0,17.0,73.0,64.0,1005.7,1004.2,23.4,24.7,0,1
26,18.4,33.8,0.0,0,44.0,1,0,28.0,20.0,47.0,23.0,1020.3,1016.3,25.5,32.1,0,0
24,16.3,21.7,0.4,3,46.0,3,3,20.0,17.0,73.0,70.0,1021.1,1018.0,19.1,20.4,0,1
27,4.0,19.9,0.0,4,30.0,4,6,11.0,7.0,56.0,33.0,1027.3,1022.4,11.7,19.4,0,0
2,13.1,33.0,0.0,9,43.0,0,9,15.0,24.0,14.0,13.0,1016.2,1012.5,23.3,30.4,0,0
4,4.9,12.3,5.0,6,50.0,13,14,26.0,22.0,75.0,52.0,1016.1,1019.3,7.2,11.0,1,0
12,25.9,34.1,0.0,4,39.0,0,5,13.0,28.0,72.0,50.0,1010.9,1007.6,30.2,33.0,0,0
24,16.8,20.2,0.0,0,39.0,2,2,22.0,20.0,75.0,71.0,1024.8,1023.8,19.0,18.4,0,1
17,15.7,39.9,0.0,3,54.0,3,7,43.0,22.0,49.0,11.0,1013.7,1010.8,26.9,39.0,0,0
20,21.4,35.5,0.0,12,67.0,3,15,17.0,43.0,56.0,81.0,1015.4,1012.7,26.6,24.7,0,1
24,20.0,21.4,9.0,0,57.0,0,2,30.0,26.0,95.0,95.0,1015.0,1012.3,20.4,21.3,1,1
24,22.3,26.1,1.8,4,50.0,4,4,28.0,28.0,81.0,80.0,1016.6,1014.7,24.8,25.1,1,0
14,3.9,7.3,27.6,7,65.0,4,11,15.0,19.0,66.0,71.0,991.5,1001.7,6.3,5.8,1,1
25,9.0,14.7,1.4,15,48.0,11,12,11.0,15.0,99.0,75.0,1017.7,1016.3,9.8,13.5,1,0
40,13.7,19.6,2.6,14,19.0,15,8,11.0,9.0,87.0,75.0,1026.1,1023.7,16.5,19.2,1,0
20,14.0,27.7,0.0,2,33.0,0,9,17.0,19.0,57.0,23.0,1027.8,1023.5,20.5,27.2,0,0
35,4.1,19.5,0.0,3,24.0,14,6,6.0,13.0,92.0,57.0,1019.6,1016.1,9.1,18.6,0,0
4,7.6,12.6,0.2,15,24.0,15,12,13.0,7.0,100.0,94.0,1019.5,1019.2,9.2,11.9,0,0
39,7.6,21.5,0.0,5,67.0,5,5,13.0,19.0,54.0,44.0,1021.9,1014.7,16.4,20.5,0,0
14,9.2,18.6,0.0,7,70.0,6,7,19.0,35.0,47.0,33.0,1010.5,1006.3,14.2,18.1,0,0
13,16.4,23.1,2.4,9,52.0,8,9,20.0,37.0,76.0,64.0,1028.2,1026.1,19.0,21.7,1,1
39,11.5,19.1,3.0,7,54.0,3,15,17.0,17.0,61.0,63.0,996.5,994.2,15.1,14.9,1,1
18,6.2,12.7,1.0,13,31.0,13,12,19.0,19.0,74.0,66.0,1030.4,1030.3,9.1,12.4,0,0
27,10.8,27.9,0.0,1,35.0,1,1,17.0,9.0,32.0,16.0,1024.3,1019.5,19.6,26.7,0,0
0,11.7,27.4,0.0,13,31.0,3,14,7.0,19.0,55.0,35.0,1022.1,1020.1,16.7,26.8,0,0
2,19.3,36.8,0.0,3,48.0,3,12,33.0,15.0,20.0,14.0,1015.1,1010.8,29.9,35.3,0,0
20,19.6,32.5,13.6,4,41.0,0,2,22.0,9.0,62.0,38.0,1017.3,1014.3,25.5,31.1,1,0
39,16.7,28.3,0.0,5,48.0,1,5,17.0,20.0,47.0,32.0,1018.8,1013.3,21.9,27.4,0,1
36,1.2,23.1,0.0,0,28.0,2,11,15.0,11.0,43.0,16.0,1022.1,1018.1,11.1,22.2,0,0
33,11.3,20.8,0.6,5,30.0,14,6,11.0,9.0,91.0,45.0,1019.9,1014.3,13.0,20.8,0,0
12,24.4,34.1,9.6,2,67.0,13,14,17.0,26.0,78.0,63.0,1009.1,1006.4,30.8,33.6,1,1
5,4.8,12.2,1.4,7,56.0,6,7,19.0,30.0,97.0,75.0,1010.2,1010.1,6.2,11.8,1,0
42,14.5,21.0,12.6,9,52.0,8,9,26.0,22.0,87.0,69.0,1018.7,1019.8,16.2,19.0,1,1
21,9.9,18.5,0.0,11,28.0,14,11,9.0,19.0,85.0,70.0,1026.2,1023.5,14.1,16.7,0,0
35,2.0,22.9,0.0,6,26.0,13,6,4.0,15.0,78.0,31.0,1022.8,1019.2,9.8,22.3,0,0
9,12.5,16.3,0.0,12,56.0,11,12,24.0,30.0,61.0,30.0,1014.7,1016.0,15.3,15.9,0,0
2,18.0,37.7,0.0,0,41.0,0,6,26.0,17.0,12.0,10.0,1015.1,1009.6,30.9,36.3,0,0
35,15.7,26.2,2.0,5,50.0,4,6,9.0,9.0,79.0,55.0,1019.1,1017.2,18.2,24.1,1,0
18,10.0,13.9,0.0,13,31.0,7,15,17.0,17.0,64.0,60.0,1032.6,1030.3,11.3,13.4,0,0
23,16.1,20.5,3.6,1,81.0,9,2,50.0,44.0,76.0,70.0,1021.9,1018.9,19.4,20.1,1,1
25,12.9,30.2,0.0,13,35.0,0,7,11.0,11.0,53.0,16.0,1018.7,1015.3,16.5,29.1,0,0
18,5.5,23.1,0.0,11,44.0,9,8,22.0,28.0,60.0,38.0,1020.9,1019.3,15.1,22.0,0,0
6,14.1,24.7,0.0,5,30.0,3,4,9.0,13.0,56.0,52.0,1025.8,1022.6,22.0,22.4,0,0
33,10.9,18.0,0.0,15,48.0,13,8,31.0,28.0,30.0,41.0,1018.5,1017.3,15.2,16.0,0,0
33,17.6,20.3,7.8,8,54.0,11,11,31.0,30.0,93.0,87.0,1016.1,1016.4,17.9,18.6,1,1
8,4.3,14.1,0.8,7,41.0,6,14,13.0,26.0,71.0,53.0,1008.4,1008.3,7.9,13.3,0,0
37,16.8,23.4,21.2,15,30.0,14,13,7.0,17.0,82.0,41.0,1014.5,1011.9,18.1,22.5,1,0
7,18.0,28.2,0.0,5,33.0,8,5,6.0,15.0,65.0,67.0,1013.1,1008.8,25.9,26.6,0,0
2,19.9,31.6,0.0,1,37.0,0,2,15.0,22.0,39.0,31.0,1016.0,1012.0,25.5,30.9,0,0
10,13.4,26.9,0.0,4,22.0,7,5,7.0,17.0,62.0,62.0,1023.4,1021.4,22.3,25.4,0,0
1,19.4,33.7,0.0,4,35.0,10,6,7.0,13.0,66.0,32.0,1019.2,1014.3,23.2,32.9,0,0
21,3.3,8.8,3.6,3,52.0,3,6,28.0,24.0,79.0,99.0,1005.6,1000.5,7.5,7.4,1,1
12,22.6,34.1,0.0,5,37.0,0,2,20.0,19.0,66.0,37.0,1014.5,1011.2,26.8,33.6,0,0
37,6.3,26.6,0.0,15,39.0,0,15,7.0,20.0,61.0,27.0,1019.7,1014.9,15.6,25.3,0,0
8,14.0,26.2,0.0,1,43.0,2,4,7.0,22.0,75.0,61.0,1017.3,1016.8,19.5,22.8,0,0
13,23.9,29.4,0.0,10,67.0,2,4,19.0,15.0,65.0,57.0,1009.9,1006.5,25.8,28.0,0,0
2,13.9,31.0,0.0,9,31.0,9,12,22.0,13.0,23.0,12.0,1015.7,1011.1,22.0,29.7,0,0
36,20.1,38.9,0.0,0,28.0,1,9,19.0,7.0,19.0,12.0,1010.6,1006.2,29.3,37.9,0,0
20,2.0,18.1,0.0,15,37.0,15,15,13.0,20.0,76.0,39.0,1019.3,1015.7,9.6,17.5,0,0
10,21.7,29.8,0.0,7,31.0,7,0,17.0,13.0,76.0,62.0,1016.4,1014.2,25.5,28.5,0,1
29,14.2,23.4,0.0,1,39.0,1,9,20.0,17.0,80.0,61.0,1016.3,1014.3,16.7,22.5,0,0
38,9.4,17.3,0.2,9,39.0,2,9,20.0,11.0,77.0,96.0,1018.3,1013.9,15.3,13.9,0,1
18,3.4,14.7,0.2,10,19.0,3,8,11.0,9.0,100.0,65.0,1030.4,1027.6,8.2,14.1,0,0
26,7.6,31.3,0.0,15,33.0,11,15,11.0,20.0,55.0,31.0,1018.8,1014.1,21.6,29.6,0,0
13,15.8,26.8,0.0,8,44.0,8,8,19.0,20.0,47.0,40.0,1013.4,1010.2,23.0,26.0,0,0
6,14.8,20.9,0.0,13,35.0,13,13,11.0,15.0,58.0,45.0,1011.5,1008.5,17.5,20.7,0,0
28,14.1,23.7,0.2,6,35.0,5,3,11.0,15.0,79.0,44.0,1016.3,1012.8,16.2,22.9,0,1
2,5.7,17.4,0.0,0,30.0,1,10,9.0,9.0,73.0,41.0,1022.3,1018.0,10.0,16.9,0,0
42,12.9,18.8,0.0,13,50.0,3,13,9.0,20.0,63.0,47.0,1003.5,1002.7,14.6,16.5,0,0
26,15.7,34.5,0.0,2,61.0,2,0,26.0,28.0,46.0,25.0,1016.0,1011.0,21.6,32.7,0,0
22,0.4,14.5,0.2,13,31.0,0,13,4.0,20.0,99.0,61.0,1030.3,1027.0,3.1,14.3,0,0
29,9.4,30.2,0.0,8,28.0,0,8,9.0,15.0,74.0,43.0,1013.4,1010.1,17.8,25.4,0,0
28,3.5,22.1,0.0,0,54.0,0,0,24.0,11.0,54.0,32.0,1030.5,1025.3,13.8,21.2,0,0
32,14.9,22.9,2.8,12,44.0,8,9,22.0,20.0,59.0,49.0,1018.8,1019.5,18.5,21.9,1,0
10,10.9,23.8,0.0,4,39.0,3,5,9.0,28.0,49.0,56.0,1027.4,1024.4,20.9,22.4,0,0
43,12.8,27.1,0.0,9,37.0,9,11,20.0,9.0,60.0,24.0,1018.9,1015.8,15.9,25.1,0,0
16,7.3,16.8,25.3,10,48.0,0,10,9.0,24.0,69.0,49.0,1004.2,1005.4,9.3,15.7,1,0
23,17.1,18.1,20.2,8,48.0,11,11,9.0,22.0,100.0,96.0,1010.7,1009.6,17.1,16.4,1,1
4,8.3,16.7,0.0,9,52.0,9,2,31.0,28.0,74.0,59.0,1017.6,1015.7,10.4,16.0,0,0
35,17.4,29.2,0.0,1,37.0,3,3,2.0,13.0,74.0,43.0,1025.2,1022.6,18.9,27.0,0,0
39,15.6,25.6,18.2,13,50.0,1,3,9.0,6.0,100.0,59.0,1011.6,1009.5,17.5,25.5,1,0
1,9.7,17.3,1.6,7,30.0,4,14,6.0,17.0,84.0,50.0,1022.0,1019.6,12.4,16.9,1,0
5,8.3,21.3,0.0,12,59.0,12,11,24.0,24.0,56.0,29.0,1010.5,1010.4,13.3,20.8,0,0
33,15.4,22.3,0.2,1,52.0,3,4,13.0,35.0,60.0,48.0,1022.5,1018.7,18.9,21.6,0,0
9,20.1,32.2,0.0,5,35.0,4,10,22.0,9.0,52.0,27.0,1017.2,1013.3,23.5,31.1,0,0
21,6.7,18.6,0.2,10,28.0,9,10,7.0,17.0,99.0,70.0,1025.8,1023.8,13.9,17.1,0,0
2,-1.0,23.6,0.0,4,26.0,12,9,2.0,11.0,58.0,12.0,1024.7,1019.7,7.4,23.1,0,0
16,13.6,24.7,0.0,7,35.0,6,7,7.0,20.0,74.0,59.0,1019.9,1017.6,16.6,23.1,0,0
34,25.0,31.8,0.0,1,43.0,10,0,20.0,30.0,52.0,43.0,1011.1,1008.1,29.2,31.4,0,0
8,14.3,29.8,0.0,14,33.0,2,3,4.0,11.0,66.0,35.0,1011.7,1007.0,18.1,26.9,0,0
14,5.4,15.1,10.8,14,59.0,6,14,20.0,22.0,56.0,50.0,1010.0,1010.4,9.4,14.4,1,0
24,13.0,17.8,2.4,2,56.0,2,9,17.0,22.0,66.0,82.0,1021.9,1018.8,16.3,14.3,1,1
28,20.9,33.8,0.0,0,41.0,1,15,30.0,28.0,40.0,33.0,1009.9,1005.5,27.9,33.1,0,0
34,19.9,28.2,0.2,1,39.0,9,0,20.0,20.0,61.0,54.0,1023.3,1020.8,23.8,25.3,0,0
21,9.2,19.5,0.2,3,44.0,5,5,19.0,19.0,88.0,71.0,1021.7,1016.7,11.8,17.9,0,0
43,25.1,27.7,0.2,9,56.0,11,8,22.0,35.0,46.0,57.0,1012.2,1012.9,26.1,24.6,0,1
40,8.4,23.9,0.0,14,26.0,7,3,15.0,13.0,79.0,50.0,1026.7,1022.7,15.3,23.1,0,0
39,21.3,30.0,0.0,5,43.0,6,10,9.0,9.0,53.0,46.0,1005.3,1003.2,25.7,28.6,0,0
42,12.5,20.1,0.0,5,35.0,14,4,15.0,19.0,55.0,71.0,1022.0,1019.1,16.0,18.8,0,0
12,25.4,32.3,17.8,9,50.0,1,7,6.0,17.0,93.0,76.0,1007.2,1003.5,26.4,30.0,1,1
19,16.0,36.3,0.0,8,41.0,9,8,7.0,17.0,39.0,16.0,1015.8,1014.8,22.4,34.6,0,0
7,23.5,30.6,9.0,9,35.0,10,10,11.0,11.0,86.0,87.0,1013.0,1010.9,25.8,26.9,1,1
24,16.7,20.8,18.8,5,35.0,14,15,9.0,7.0,88.0,95.0,1020.7,1019.0,18.6,17.0,1,1
12,24.5,34.0,0.0,5,50.0,0,5,22.0,31.0,57.0,41.0,1017.5,1012.3,29.1,32.3,0,0
25,6.2,15.7,0.2,14,52.0,3,7,9.0,22.0,86.0,73.0,1006.3,1004.5,11.1,15.3,0,0
25,8.9,30.5,0.0,4,50.0,1,14,15.0,20.0,36.0,13.0,1014.3,1012.3,20.7,28.2,0,0
19,25.7,46.0,0.0,7,37.0,9,14,9.0,19.0,50.0,14.0,1008.9,1006.5,29.9,44.5,0,0
26,19.0,44.5,0.0,0,54.0,0,9,26.0,15.0,27.0,10.0,1015.3,1009.7,31.2,42.9,0,0
8,15.0,22.6,10.6,2,48.0,10,8,19.0,26.0,79.0,49.0,1008.8,1009.7,15.0,21.8,1,1
29,10.1,15.0,0.0,14,39.0,7,14,22.0,22.0,91.0,77.0,1014.5,1014.8,11.9,13.8,0,1
33,9.7,18.7,1.4,7,22.0,6,5,13.0,9.0,77.0,63.0,1019.8,1015.7,13.3,18.2,1,0
3,7.3,19.1,0.0,12,26.0,12,15,19.0,6.0,68.0,41.0,1024.6,1020.4,13.6,18.6,0,0
28,17.2,34.1,0.0,8,43.0,1,15,13.0,30.0,29.0,32.0,1019.2,1017.0,25.8,32.2,0,0
25,8.7,32.5,0.0,14,37.0,4,14,9.0,20.0,41.0,8.0,1019.9,1017.0,19.0,31.5,0,0
5,16.1,28.2,16.4,5,37.0,3,5,6.0,15.0,95.0,52.0,1008.7,1006.6,17.7,25.5,1,1
23,11.0,18.6,2.0,12,39.0,14,8,7.0,20.0,79.0,85.0,1014.0,1013.0,14.5,16.3,1,1
10,9.4,19.4,0.0,0,28.0,12,5,9.0,20.0,64.0,89.0,1021.5,1018.1,16.7,15.3,0,1
25,-3.2,13.9,0.0,0,24.0,4,5,6.0,7.0,84.0,38.0,1025.4,1022.8,3.0,13.1,0,0
20,10.9,30.8,0.0,1,37.0,5,5,19.0,19.0,50.0,18.0,1026.1,1022.1,21.7,29.2,0,0
31,11.8,19.4,2.2,13,76.0,13,15,31.0,31.0,65.0,39.0,1013.4,1014.1,13.2,18.3,1,0
9,2.7,15.0,0.0,11,24.0,15,11,4.0,11.0,91.0,52.0,1023.5,1020.9,6.8,14.3,0,0
0,10.7,18.5,3.4,15,81.0,15,13,24.0,15.0,46.0,40.0,1018.9,1018.1,14.3,17.1,1,0
5,-0.1,14.5,1.4,13,50.0,7,14,19.0,20.0,71.0,42.0,1016.3,1014.6,8.7,14.1,1,0
10,19.6,23.7,19.6,4,50.0,1,1,19.0,11.0,96.0,94.0,1016.1,1014.0,20.4,21.5,1,1
4,7.3,16.5,0.0,15,37.0,6,13,13.0,17.0,72.0,78.0,1019.6,1018.5,11.8,14.1,0,1
12,23.9,34.7,0.0,6,37.0,1,6,13.0,24.0,64.0,43.0,1012.6,1007.6,29.0,33.4,0,0
8,-3.1,12.4,0.0,6,19.0,9,11,6.0,7.0,99.0,69.0,1034.4,1031.0,2.2,11.1,0,0
31,2.9,24.3,0.2,0,33.0,14,7,11.0,9.0,79.0,26.0,1028.4,1023.4,12.6,24.0,0,0
23,12.1,16.8,31.0,8,81.0,8,11,52.0,35.0,72.0,86.0,1013.4,1015.3,16.2,14.4,1,1
43,17.9,35.8,0.0,10,41.0,10,3,20.0,17.0,52.0,19.0,1015.7,1012.7,21.2,33.8,0,0
25,1.9,12.1,0.0,0,26.0,2,10,9.0,13.0,78.0,55.0,1031.4,1029.6,7.4,11.4,0,0
42,11.6,16.6,0.0,11,43.0,11,8,28.0,22.0,74.0,71.0,1025.5,1023.7,14.1,15.5,0,0
20,17.5,20.1,0.0,12,63.0,3,15,28.0,22.0,71.0,90.0,1011.4,1013.8,18.6,12.4,0,1
10,15.6,30.2,0.0,4,44.0,6,4,22.0,33.0,53.0,61.0,1016.8,1014.3,24.8,27.3,0,0
23,15.3,24.3,1.6,4,46.0,3,4,15.0,39.0,76.0,85.0,1019.3,1013.2,20.6,20.7,1,1
37,10.2,33.5,0.0,15,26.0,0,14,15.0,9.0,48.0,7.0,1015.4,1011.4,21.6,31.9,0,0
25,17.7,35.8,0.0,14,59.0,3,15,17.0,30.0,23.0,32.0,1006.9,1008.0,31.7,27.9,0,0
40,16.1,31.7,5.0,11,50.0,9,0,13.0,19.0,83.0,47.0,1015.6,1011.9,22.7,31.1,1,1
28,8.7,21.8,0.2,13,50.0,3,14,13.0,24.0,84.0,57.0,1019.0,1017.2,14.1,20.3,0,1
29,14.4,26.8,0.0,3,35.0,3,3,19.0,17.0,61.0,36.0,1026.1,1024.7,17.7,26.4,0,0
30,13.8,23.2,43.0,2,22.0,8,1,7.0,11.0,90.0,70.0,1012.6,1009.6,18.5,21.4,1,0
16,11.7,22.3,0.0,7,22.0,7,7,2.0,13.0,92.0,64.0,1022.4,1019.1,14.1,21.2,0,0
1,4.6,12.1,0.8,15,50.0,3,12,7.0,28.0,87.0,52.0,1022.4,1022.1,6.9,11.3,0,0
6,21.4,32.5,0.0,9,43.0,15,0,4.0,4.0,67.0,48.0,1004.6,1001.1,26.6,31.7,0,1
17,9.2,16.3,5.0,8,28.0,13,11,11.0,11.0,71.0,42.0,1017.2,1014.8,10.6,15.2,1,0
24,19.4,24.6,0.0,1,44.0,0,0,31.0,28.0,72.0,68.0,1018.0,1015.7,22.8,23.6,0,0
33,21.8,29.5,0.0,1,41.0,5,1,17.0,30.0,61.0,43.0,1023.4,1021.4,24.9,27.7,0,0
17,3.4,15.0,0.0,5,43.0,3,3,11.0,22.0,79.0,42.0,1029.0,1027.2,4.8,14.6,0,0
26,10.8,18.7,0.0,0,31.0,0,3,9.0,13.0,84.0,54.0,1018.6,1015.9,12.5,18.2,0,0
2,11.3,19.0,0.0,2,26.0,2,10,13.0,11.0,46.0,28.0,1023.8,1021.0,12.4,18.2,0,0
5,1.1,12.4,0.2,1,20.0,2,1,11.0,11.0,85.0,78.0,1033.7,1031.0,6.8,11.6,0,0
21,12.6,17.0,0.8,12,56.0,12,12,28.0,35.0,66.0,43.0,1008.3,1011.6,14.3,16.6,0,0
27,26.8,41.1,0.0,14,33.0,10,13,9.0,7.0,22.0,12.0,1009.6,1006.4,32.2,40.8,0,0
5,17.7,34.7,0.0,3,35.0,0,4,11.0,17.0,56.0,27.0,1024.5,1020.9,22.6,33.1,0,0
28,6.9,24.2,0.0,5,35.0,4,4,15.0,15.0,45.0,24.0,1031.1,1026.2,16.8,23.4,0,0
6,18.6,27.2,0.2,2,24.0,12,9,4.0,11.0,78.0,72.0,1016.3,1013.2,24.3,25.0,0,0
28,20.8,24.6,0.0,0,70.0,1,9,35.0,9.0,47.0,59.0,1013.4,1012.4,22.1,21.6,0,1
11,9.3,21.9,0.0,8,43.0,8,8,11.0,20.0,63.0,45.0,1021.6,1021.8,15.6,20.2,0,0
19,10.8,22.0,0.0,15,30.0,14,15,11.0,15.0,61.0,35.0,1022.8,1020.3,15.5,20.3,0,0
8,6.0,24.9,0.2,0,35.0,8,14,6.0,7.0,69.0,46.0,1022.6,1018.3,11.2,22.5,0,0
3,16.4,19.2,9.6,2,22.0,12,10,9.0,13.0,99.0,98.0,1013.2,1012.4,17.8,18.5,1,1
11,8.6,29.1,0.2,14,33.0,5,13,13.0,15.0,43.0,37.0,1011.0,1009.5,18.5,27.2,0,0
39,7.8,17.5,0.0,15,30.0,0,11,11.0,7.0,61.0,54.0,1031.6,1029.2,12.8,17.2,0,0
5,15.7,21.0,0.2,14,57.0,5,7,17.0,13.0,78.0,80.0,1009.7,1007.5,19.2,20.3,0,1
32,9.4,18.1,10.8,9,43.0,14,8,19.0,22.0,86.0,65.0,1029.2,1027.0,11.7,17.1,1,1
39,8.8,17.1,2.8,12,43.0,13,11,13.0,17.0,84.0,67.0,1007.7,1010.0,11.5,15.1,1,1
2,21.1,39.6,1.4,0,54.0,0,6,9.0,22.0,29.0,17.0,1012.2,1007.6,32.7,37.2,1,0
12,25.6,31.0,19.4,6,39.0,13,13,20.0,17.0,83.0,79.0,1006.3,1003.8,28.9,28.5,1,1
21,5.9,11.4,13.0,12,63.0,15,12,28.0,31.0,64.0,68.0,1009.4,1012.1,9.9,9.6,1,1
13,16.8,26.6,0.0,10,54.0,10,9,26.0,39.0,45.0,55.0,1020.8,1016.9,23.9,24.5,0,0
13,14.1,20.6,13.4,14,80.0,13,13,35.0,39.0,41.0,30.0,1013.7,1012.6,15.4,19.1,1,0
38,11.5,16.6,35.0,15,63.0,7,14,28.0,19.0,96.0,91.0,1003.4,1001.0,12.3,11.1,1,1
42,12.4,18.4,0.0,12,67.0,7,12,2.0,35.0,57.0,26.0,1013.8,1009.8,13.7,16.9,0,0
0,11.4,29.4,0.0,6,22.0,5,13,6.0,11.0,32.0,18.0,1021.7,1018.5,21.6,28.8,0,0
33,18.4,30.7,0.0,12,59.0,7,4,13.0,28.0,68.0,47.0,1018.6,1013.7,22.5,29.6,0,1
30,5.3,28.6,0.0,0,39.0,4,1,4.0,15.0,68.0,22.0,1024.6,1017.3,15.8,27.7,0,0
21,4.0,20.9,0.0,12,37.0,4,11,11.0,17.0,60.0,53.0,1019.5,1017.1,14.1,18.8,0,0
37,4.4,12.9,22.2,15,61.0,15,15,35.0,28.0,75.0,53.0,1004.7,1008.7,5.4,10.8,1,0
20,9.5,28.1,0.0,4,26.0,5,10,15.0,7.0,47.0,23.0,1021.4,1018.0,21.6,27.6,0,0
6,17.0,21.4,56.6,1,37.0,2,2,9.0,17.0,92.0,65.0,1019.7,1015.2,17.2,21.0,1,1
10,20.1,28.3,7.2,4,46.0,5,4,17.0,31.0,81.0,66.0,1010.9,1006.4,23.3,25.6,1,0
35,1.6,14.3,0.0,8,39.0,4,8,4.0,19.0,71.0,64.0,1008.8,1008.8,10.7,10.3,0,1
37,7.9,26.2,0.0,1,30.0,1,13,19.0,6.0,61.0,25.0,1014.1,1010.4,17.0,25.4,0,0
12,24.0,30.4,17.0,0,31.0,2,12,11.0,4.0,89.0,87.0,1007.9,1006.0,26.7,27.7,1,1
4,7.9,26.8,0.0,9,56.0,2,6,28.0,13.0,66.0,34.0,1022.6,1018.8,12.8,25.0,0,0
6,22.1,27.9,0.8,9,28.0,11,2,4.0,13.0,80.0,60.0,1015.4,1012.9,23.9,27.3,0,0
3,11.9,26.0,0.2,1,37.0,11,1,4.0,13.0,63.0,43.0,1017.2,1013.2,18.0,24.2,0,0
9,27.7,42.5,0.0,14,44.0,6,14,15.0,28.0,32.0,14.0,1010.2,1007.6,32.3,41.2,0,0
12,24.5,30.6,7.0,15,61.0,14,14,24.0,19.0,76.0,73.0,1006.6,1004.1,29.8,28.7,1,1
12,20.6,33.4,0.0,2,41.0,2,8,17.0,6.0,67.0,29.0,1015.5,1011.3,25.1,32.1,0,0
40,11.8,18.8,21.8,12,65.0,8,11,33.0,33.0,76.0,87.0,1013.7,1015.1,15.9,13.9,1,1
30,3.4,20.7,0.0,8,20.0,3,11,6.0,9.0,94.0,32.0,1020.7,1018.2,9.7,20.5,0,1
2,1.3,14.9,0.0,0,41.0,2,2,13.0,22.0,63.0,34.0,1027.0,1023.8,8.1,14.3,0,0
2,2.7,24.9,0.0,0,35.0,0,0,4.0,13.0,29.0,12.0,1026.1,1021.3,14.9,24.5,0,0
20,21.2,32.5,0.0,3,30.0,0,6,17.0,13.0,60.0,36.0,1016.1,1011.9,24.0,31.0,0,0
42,19.4,24.8,0.0,4,56.0,5,4,11.0,46.0,66.0,69.0,1018.7,1013.3,21.3,23.8,0,0
25,5.7,24.4,0.0,14,30.0,4,3,9.0,15.0,49.0,26.0,1019.3,1014.8,17.6,24.1,0,0
16,11.1,21.7,0.0,14,41.0,6,7,19.0,19.0,59.0,40.0,1009.3,1008.9,16.9,20.1,0,0
23,16.3,23.5,0.0,4,39.0,11,1,6.0,22.0,52.0,68.0,1017.2,1015.8,20.9,22.2,0,0
25,22.0,40.0,0.0,6,65.0,6,15,28.0,30.0,14.0,19.0,1010.2,1008.3,33.8,37.0,0,0
24,19.9,24.2,0.2,0,48.0,0,1,30.0,30.0,78.0,70.0,1017.2,1015.6,22.2,22.9,0,0
11,7.9,16.0,5.0,13,44.0,14,13,9.0,22.0,95.0,49.0,1011.6,1011.8,10.5,15.4,1,0
41,6.0,17.5,0.0,9,46.0,1,2,13.0,11.0,66.0,47.0,1035.3,1032.3,12.1,16.5,0,0
34,25.4,32.3,11.4,14,26.0,13,3,7.0,13.0,72.0,59.0,1006.8,1004.4,30.2,31.9,1,0
31,8.3,23.5,0.0,8,41.0,14,10,13.0,22.0,68.0,59.0,1009.9,1009.9,16.8,18.2,0,0
14,7.0,17.4,0.0,6,41.0,7,9,24.0,24.0,52.0,77.0,1017.7,1017.0,13.8,13.1,0,0
24,20.5,25.2,0.0,1,41.0,1,1,28.0,26.0,70.0,71.0,1018.2,1016.0,23.8,24.4,0,0
38,12.3,14.9,17.6,7,52.0,14,14,17.0,24.0,99.0,71.0,1009.7,1011.8,12.3,13.7,1,1
20,8.7,25.1,0.0,12,39.0,8,11,9.0,22.0,68.0,24.0,1012.4,1010.0,16.9,24.3,0,0
33,17.2,22.2,0.0,8,46.0,11,8,26.0,31.0,64.0,58.0,1020.0,1018.6,20.0,21.6,0,0
40,19.7,24.1,0.0,11,54.0,8,10,24.0,33.0,58.0,59.0,1015.3,1016.7,23.0,22.2,0,0
15,23.2,32.6,11.0,7,46.0,6,7,15.0,17.0,74.0,60.0,1009.2,1007.4,28.3,31.5,1,0
26,10.8,16.7,2.8,15,85.0,15,15,35.0,43.0,87.0,55.0,1004.6,1006.7,14.7,13.8,1,1
14,5.9,15.9,0.0,9,37.0,6,2,13.0,22.0,66.0,58.0,1025.1,1020.8,11.1,15.4,0,0
31,10.2,11.8,1.4,9,35.0,11,7,17.0,11.0,86.0,81.0,1011.2,1012.2,10.6,10.9,1,1
23,8.1,14.2,7.8,11,39.0,12,8,15.0,28.0,87.0,74.0,1029.4,1027.7,10.0,13.9,1,1
24,15.5,19.4,0.6,2,24.0,2,9,11.0,13.0,68.0,59.0,1019.8,1018.1,18.5,18.8,0,0
41,8.9,19.1,0.0,6,65.0,3,3,30.0,35.0,77.0,72.0,1005.7,1001.1,17.7,18.4,0,1
16,1.3,16.7,0.0,6,28.0,2,6,7.0,19.0,84.0,50.0,1032.2,1027.5,4.0,16.3,0,0
10,19.0,23.4,63.6,8,57.0,8,8,39.0,33.0,98.0,95.0,1011.3,1011.2,20.6,21.0,1,1
36,8.8,23.8,0.0,0,24.0,0,0,15.0,13.0,74.0,27.0,1023.9,1020.2,13.1,22.4,0,0
20,17.2,31.3,1.4,1,48.0,4,5,19.0,19.0,67.0,44.0,1013.2,1010.3,22.0,29.8,1,0
8,13.9,29.6,0.0,0,39.0,0,6,15.0,11.0,69.0,35.0,1021.0,1017.6,20.4,27.5,0,0
17,10.0,16.8,0.0,15,44.0,15,15,17.0,17.0,60.0,44.0,1011.4,1012.0,11.5,15.6,0,0
6,16.1,28.3,0.0,4,31.0,3,1,13.0,15.0,48.0,46.0,1023.0,1019.0,24.3,26.1,0,0
21,11.3,30.0,0.0,0,56.0,0,0,31.0,33.0,61.0,22.0,1025.0,1020.5,17.2,29.4,0,0
20,13.6,18.2,16.0,15,37.0,11,11,13.0,19.0,99.0,77.0,1012.7,1009.2,14.3,17.8,1,1
31,7.5,21.0,0.0,9,26.0,14,15,11.0,4.0,89.0,56.0,1027.0,1025.0,12.9,19.4,0,0
16,8.6,18.0,0.0,13,39.0,14,13,13.0,19.0,42.0,35.0,1014.4,1014.7,12.8,17.4,0,0
2,13.5,32.4,0.0,9,31.0,6,10,2.0,20.0,21.0,15.0,1015.5,1010.8,24.8,31.0,0,0
30,20.3,32.3,1.2,13,61.0,6,15,15.0,33.0,60.0,40.0,999.2,997.8,28.2,31.4,1,0
2,14.4,32.1,0.0,2,43.0,2,1,26.0,13.0,25.0,14.0,1012.9,1009.1,23.9,30.1,0,0
27,15.3,21.1,0.0,7,44.0,3,6,9.0,17.0,69.0,73.0,1012.8,1007.2,15.7,21.0,0,1
5,3.9,12.1,4.6,12,43.0,15,15,17.0,19.0,75.0,60.0,1011.2,1013.8,8.0,11.5,1,0
9,20.3,29.1,0.0,4,43.0,4,4,24.0,17.0,75.0,63.0,1009.0,1007.2,23.2,26.7,0,1
9,13.6,26.4,0.0,0,41.0,1,0,20.0,20.0,63.0,31.0,1025.2,1023.3,18.2,25.0,0,0
33,20.9,24.9,1.0,11,67.0,11,8,37.0,33.0,80.0,74.0,1009.9,1012.0,21.5,22.7,0,1
24,15.2,20.3,8.4,14,33.0,14,7,15.0,17.0,80.0,76.0,1012.5,1010.5,18.3,19.1,1,0
42,12.0,18.3,7.2,2,33.0,0,0,24.0,20.0,79.0,65.0,1027.3,1024.5,17.0,16.8,1,0
20,16.5,34.6,0.0,4,56.0,0,5,20.0,15.0,47.0,21.0,1017.2,1012.5,22.9,32.6,0,0
22,6.8,20.8,0.0,12,48.0,8,12,28.0,26.0,63.0,38.0,1012.2,1010.8,12.8,18.0,0,0
11,7.9,15.0,3.0,14,44.0,13,13,9.0,20.0,84.0,65.0,1009.3,1008.2,10.0,13.9,1,1
18,7.9,18.4,0.0,3,50.0,3,3,17.0,31.0,84.0,74.0,1017.7,1016.7,12.9,15.7,0,0
43,27.3,44.8,0.0,7,48.0,4,13,15.0,15.0,17.0,8.0,1007.3,1005.1,34.1,42.4,0,0
18,15.3,25.7,0.0,11,57.0,3,11,37.0,22.0,47.0,58.0,1014.6,1015.0,21.7,21.8,0,0
33,19.9,24.3,0.0,9,56.0,10,10,26.0,30.0,65.0,75.0,1015.2,1014.5,22.2,22.5,0,1
21,6.0,17.3,2.0,12,33.0,7,12,9.0,20.0,95.0,56.0,1013.8,1010.7,12.5,16.6,1,1
26,14.7,25.3,0.0,13,65.0,7,7,24.0,39.0,89.0,51.0,1011.6,1010.3,20.0,23.5,0,0
39,5.9,14.6,2.0,8,50.0,10,8,11.0,28.0,72.0,46.0,1023.8,1024.1,9.9,12.4,1,0
11,11.5,15.4,1.2,12,31.0,12,15,13.0,17.0,100.0,97.0,1018.3,1017.1,13.1,15.3,1,1
30,7.7,25.6,0.0,5,26.0,4,3,6.0,7.0,74.0,37.0,1028.5,1024.1,16.0,25.2,0,0
29,12.2,28.7,0.0,7,59.0,3,6,15.0,30.0,59.0,24.0,1014.5,1010.1,17.4,27.9,0,1
34,8.7,27.2,0.0,1,41.0,6,1,9.0,33.0,54.0,49.0,1016.8,1014.1,21.3,24.2,0,0
39,9.9,34.7,0.0,5,28.0,4,2,7.0,7.0,81.0,31.0,1016.2,1011.3,15.6,31.2,0,0
24,12.2,17.1,1.2,0,46.0,1,0,26.0,26.0,64.0,62.0,1031.0,1028.1,15.0,16.4,1,0
32,18.1,24.8,6.2,1,48.0,1,4,20.0,26.0,88.0,64.0,1014.3,1011.9,20.3,23.9,1,1
42,13.1,22.7,0.0,3,30.0,6,5,4.0,15.0,64.0,73.0,1020.7,1018.2,19.0,22.0,0,0
1,10.8,18.5,17.0,13,37.0,15,13,11.0,20.0,72.0,40.0,1016.2,1017.6,14.4,18.4,1,0
24,13.8,19.9,0.0,5,54.0,5,5,24.0,28.0,72.0,83.0,1015.2,1010.6,18.6,18.4,0,1
43,13.3,23.6,0.0,12,48.0,2,14,19.0,19.0,67.0,32.0,1016.2,1013.2,15.7,22.6,0,1
12,24.3,33.4,0.0,6,30.0,4,7,11.0,17.0,76.0,58.0,1011.9,1007.9,29.2,32.2,0,0
17,12.8,19.3,0.0,6,33.0,3,3,17.0,20.0,65.0,58.0,1017.5,1013.5,15.9,18.6,0,0
2,15.7,36.3,0.0,13,35.0,4,13,9.0,9.0,18.0,11.0,1009.3,1004.9,29.2,36.0,0,0
33,12.4,26.0,0.0,6,33.0,15,6,7.0,11.0,39.0,30.0,1017.5,1013.3,18.5,24.6,0,0
20,13.9,26.2,0.0,15,69.0,3,2,26.0,9.0,75.0,80.0,1017.9,1012.9,20.9,20.4,0,1
1,0.2,10.1,0.4,15,24.0,11,4,4.0,4.0,94.0,89.0,1015.3,1013.8,4.1,8.6,0,1
2,5.2,23.5,0.0,2,43.0,12,2,6.0,24.0,56.0,26.0,1027.4,1023.9,12.3,22.5,0,0
14,3.4,13.4,0.2,7,33.0,6,7,11.0,20.0,74.0,48.0,1028.8,1023.9,6.3,13.0,0,0
13,15.0,22.1,1.6,8,63.0,8,8,30.0,33.0,56.0,52.0,1017.6,1018.2,18.7,20.2,1,0
6,12.6,26.1,0.0,12,20.0,15,9,9.0,6.0,40.0,25.0,1020.7,1016.5,19.5,25.8,0,0
7,18.3,28.4,0.0,4,33.0,9,4,15.0,17.0,61.0,56.0,1015.0,1010.2,25.0,27.0,0,0
21,2.3,14.4,0.0,3,26.0,5,3,13.0,9.0,93.0,54.0,1026.0,1023.1,6.4,13.7,0,0
37,21.5,37.5,0.0,13,46.0,1,13,11.0,24.0,42.0,11.0,1018.8,1015.6,25.2,36.2,0,0
43,13.1,22.4,0.0,8,37.0,11,8,13.0,17.0,70.0,43.0,1018.6,1016.1,16.7,21.3,0,0
5,1.7,15.6,0.0,15,31.0,3,13,2.0,15.0,63.0,35.0,1023.7,1020.4,10.2,14.7,0,0
33,18.3,28.5,0.0,4,54.0,3,4,19.0,35.0,60.0,58.0,1009.7,1003.8,23.7,26.8,0,0
22,9.6,21.3,0.0,9,30.0,10,11,17.0,15.0,63.0,38.0,1025.6,1023.0,11.7,19.7,0,0
23,15.9,27.5,0.0,5,35.0,4,4,6.0,22.0,73.0,73.0,1017.6,1014.1,23.3,24.9,0,0
4,11.8,25.2,0.0,6,89.0,3,3,44.0,65.0,66.0,24.0,1013.5,1006.2,15.0,24.3,0,0
33,9.9,16.9,0.4,11,70.0,13,12,24.0,39.0,59.0,72.0,1014.8,1016.0,13.0,15.0,0,1
34,25.6,32.3,5.2,0,35.0,10,5,2.0,17.0,84.0,67.0,1008.5,1006.2,28.3,31.9,1,1
34,21.0,29.0,0.0,1,30.0,9,1,13.0,24.0,74.0,72.0,1011.3,1008.0,26.3,27.2,0,0
43,19.8,24.0,0.0,3,39.0,3,1,22.0,20.0,56.0,88.0,1020.2,1018.5,22.9,21.4,0,1
19,13.6,20.0,0.0,11,19.0,2,12,9.0,9.0,55.0,42.0,1028.9,1025.5,15.4,19.4,0,0
29,6.4,14.8,5.6,15,72.0,6,14,22.0,30.0,93.0,88.0,1013.0,1009.9,8.8,13.5,1,1
3,15.2,25.4,0.8,8,46.0,12,10,20.0,9.0,69.0,54.0,1015.7,1015.2,18.6,24.7,0,0
11,10.4,16.2,0.4,6,35.0,6,7,15.0,13.0,92.0,77.0,1029.3,1027.3,11.9,15.1,0,0
43,4.7,20.6,0.0,5,41.0,1,3,11.0,20.0,39.0,14.0,1023.7,1019.5,11.2,19.7,0,0
40,18.8,26.7,0.0,2,41.0,0,0,20.0,28.0,65.0,55.0,1021.2,1019.3,23.3,25.8,0,0
6,22.0,31.6,0.0,4,33.0,3,5,11.0,15.0,49.0,49.0,1017.3,1013.9,28.7,30.0,0,0
28,14.4,18.7,8.2,0,56.0,9,10,17.0,22.0,72.0,75.0,1015.5,1013.0,15.1,18.0,1,1
25,17.0,33.3,2.0,9,41.0,1,1,11.0,11.0,78.0,23.0,1014.5,1011.9,19.8,32.2,1,0
